Source,Location ID,City,State,Country,Latitude,Longitude,Time Zone,Elevation,Local Time Zone,Clearsky DHI Units,Clearsky DNI Units,Clearsky GHI Units,Dew Point Units,DHI Units,DNI Units,GHI Units,Solar Zenith Angle Units,Temperature Units,Pressure Units,Relative Humidity Units,Precipitable Water Units,Wind Direction Units,Wind Speed Units,Cloud Type -15,Cloud Type 0,Cloud Type 1,Cloud Type 2,Cloud Type 3,Cloud Type 4,Cloud Type 5,Cloud Type 6,Cloud Type 7,Cloud Type 8,Cloud Type 9,Cloud Type 10,Cloud Type 11,Cloud Type 12,Fill Flag 0,Fill Flag 1,Fill Flag 2,Fill Flag 3,Fill Flag 4,Fill Flag 5,Surface Albedo Units,Version
NSRDB,1232387,-,-,-,40.53,-74.38,0,34,-5,w/m2,w/m2,w/m2,c,w/m2,w/m2,w/m2,Degree,c,mbar,%,cm,Degrees,m/s,N/A,Clear,Probably Clear,Fog,Water,Super-Cooled Water,Mixed,Opaque Ice,Cirrus,Overlapping,Overshooting,Unknown,Dust,Smoke,N/A,Missing Image,Low Irradiance,Exceeds Clearsky,Missing CLoud Properties,Rayleigh Violation,N/A,4.1.2.dev4+g3b38bc8.d20250228
Year,Month,Day,Hour,Minute,Temperature,GHI
2024,1,1,0,30,2.4000000000000004,0
2024,1,1,1,30,2.3000000000000003,0
2024,1,1,2,30,2.2,0
2024,1,1,3,30,2.1,0
2024,1,1,4,30,2,0
2024,1,1,5,30,1.7000000000000002,0
2024,1,1,6,30,1.4000000000000001,0
2024,1,1,7,30,1.4000000000000001,0
2024,1,1,8,30,1.6,0
2024,1,1,9,30,1.7000000000000002,0
2024,1,1,10,30,1.7000000000000002,0
2024,1,1,11,30,1.6,0
2024,1,1,12,30,2.2,12
2024,1,1,13,30,3.6,29
2024,1,1,14,30,5,92
2024,1,1,15,30,6.1000000000000005,173
2024,1,1,16,30,6.6000000000000005,437
2024,1,1,17,30,6.9,394
2024,1,1,18,30,7,109
2024,1,1,19,30,6.6000000000000005,48
2024,1,1,20,30,5.5,51
2024,1,1,21,30,4,15
2024,1,1,22,30,2.9000000000000004,0
2024,1,1,23,30,2.3000000000000003,0
2024,1,2,0,30,1.7000000000000002,0
2024,1,2,1,30,0.8,0
2024,1,2,2,30,-0.1,0
2024,1,2,3,30,-0.8,0
2024,1,2,4,30,-1.4000000000000001,0
2024,1,2,5,30,-2,0
2024,1,2,6,30,-2.4000000000000004,0
2024,1,2,7,30,-2.6,0
2024,1,2,8,30,-2.7,0
2024,1,2,9,30,-2.9000000000000004,0
2024,1,2,10,30,-3.1,0
2024,1,2,11,30,-3.1,0
2024,1,2,12,30,-2.1,15
2024,1,2,13,30,-0.30000000000000004,149
2024,1,2,14,30,1.1,295
2024,1,2,15,30,2.4000000000000004,403
2024,1,2,16,30,3.6,461
2024,1,2,17,30,4.4,460
2024,1,2,18,30,4.800000000000001,402
2024,1,2,19,30,4.5,294
2024,1,2,20,30,2.6,153
2024,1,2,21,30,0.7000000000000001,18
2024,1,2,22,30,0,0
2024,1,2,23,30,-0.6000000000000001,0
2024,1,3,0,30,-1,0
2024,1,3,1,30,-1.1,0
2024,1,3,2,30,-1.3,0
2024,1,3,3,30,-1.6,0
2024,1,3,4,30,-1.8,0
2024,1,3,5,30,-2,0
2024,1,3,6,30,-2.1,0
2024,1,3,7,30,-2.2,0
2024,1,3,8,30,-2.2,0
2024,1,3,9,30,-2,0
2024,1,3,10,30,-2,0
2024,1,3,11,30,-2.2,0
2024,1,3,12,30,-1.4000000000000001,3
2024,1,3,13,30,0.7000000000000001,147
2024,1,3,14,30,2.9000000000000004,290
2024,1,3,15,30,4.4,398
2024,1,3,16,30,5.2,456
2024,1,3,17,30,5.6000000000000005,455
2024,1,3,18,30,5.5,390
2024,1,3,19,30,4.800000000000001,239
2024,1,3,20,30,2.8000000000000003,52
2024,1,3,21,30,1.1,12
2024,1,3,22,30,0.7000000000000001,0
2024,1,3,23,30,0.7000000000000001,0
2024,1,4,0,30,0.9,0
2024,1,4,1,30,1.1,0
2024,1,4,2,30,1.1,0
2024,1,4,3,30,1,0
2024,1,4,4,30,0.9,0
2024,1,4,5,30,0.8,0
2024,1,4,6,30,0.7000000000000001,0
2024,1,4,7,30,0.6000000000000001,0
2024,1,4,8,30,0.5,0
2024,1,4,9,30,0.30000000000000004,0
2024,1,4,10,30,0.1,0
2024,1,4,11,30,0.1,0
2024,1,4,12,30,0.9,9
2024,1,4,13,30,2.5,30
2024,1,4,14,30,4.2,93
2024,1,4,15,30,5.300000000000001,112
2024,1,4,16,30,5.6000000000000005,121
2024,1,4,17,30,5.5,140
2024,1,4,18,30,4.9,125
2024,1,4,19,30,3.7,197
2024,1,4,20,30,2.1,63
2024,1,4,21,30,0.6000000000000001,22
2024,1,4,22,30,-0.4,0
2024,1,4,23,30,-1.2000000000000002,0
2024,1,5,0,30,-2.1,0
2024,1,5,1,30,-2.8000000000000003,0
2024,1,5,2,30,-3.3000000000000003,0
2024,1,5,3,30,-3.6,0
2024,1,5,4,30,-3.9000000000000004,0
2024,1,5,5,30,-4.1000000000000005,0
2024,1,5,6,30,-4.1000000000000005,0
2024,1,5,7,30,-4,0
2024,1,5,8,30,-3.9000000000000004,0
2024,1,5,9,30,-3.9000000000000004,0
2024,1,5,10,30,-4.1000000000000005,0
2024,1,5,11,30,-4.1000000000000005,0
2024,1,5,12,30,-3.2,16
2024,1,5,13,30,-1.7000000000000002,154
2024,1,5,14,30,-0.5,302
2024,1,5,15,30,0.6000000000000001,415
2024,1,5,16,30,1.5,476
2024,1,5,17,30,2.1,474
2024,1,5,18,30,2.4000000000000004,419
2024,1,5,19,30,1.9000000000000001,311
2024,1,5,20,30,0,165
2024,1,5,21,30,-1.7000000000000002,20
2024,1,5,22,30,-2.1,0
2024,1,5,23,30,-2.1,0
2024,1,6,0,30,-2.1,0
2024,1,6,1,30,-2.3000000000000003,0
2024,1,6,2,30,-2.5,0
2024,1,6,3,30,-2.6,0
2024,1,6,4,30,-2.5,0
2024,1,6,5,30,-2.3000000000000003,0
2024,1,6,6,30,-2.2,0
2024,1,6,7,30,-2.1,0
2024,1,6,8,30,-1.6,0
2024,1,6,9,30,-1.2000000000000002,0
2024,1,6,10,30,-1.1,0
2024,1,6,11,30,-0.9,0
2024,1,6,12,30,-0.6000000000000001,3
2024,1,6,13,30,0,41
2024,1,6,14,30,0.6000000000000001,62
2024,1,6,15,30,1.2000000000000002,74
2024,1,6,16,30,1.8,97
2024,1,6,17,30,2.1,91
2024,1,6,18,30,2,39
2024,1,6,19,30,1.8,14
2024,1,6,20,30,1.7000000000000002,9
2024,1,6,21,30,1.7000000000000002,2
2024,1,6,22,30,2,0
2024,1,6,23,30,2.3000000000000003,0
2024,1,7,0,30,2.5,0
2024,1,7,1,30,2.4000000000000004,0
2024,1,7,2,30,2.2,0
2024,1,7,3,30,2,0
2024,1,7,4,30,2,0
2024,1,7,5,30,1.8,0
2024,1,7,6,30,1.6,0
2024,1,7,7,30,1.5,0
2024,1,7,8,30,1.4000000000000001,0
2024,1,7,9,30,1.3,0
2024,1,7,10,30,1.3,0
2024,1,7,11,30,1.3,0
2024,1,7,12,30,1.3,7
2024,1,7,13,30,1.3,26
2024,1,7,14,30,1.6,14
2024,1,7,15,30,1.9000000000000001,70
2024,1,7,16,30,2.2,80
2024,1,7,17,30,2.6,328
2024,1,7,18,30,2.8000000000000003,97
2024,1,7,19,30,2.6,40
2024,1,7,20,30,2,39
2024,1,7,21,30,1.3,8
2024,1,7,22,30,0.8,0
2024,1,7,23,30,0.5,0
2024,1,8,0,30,0,0
2024,1,8,1,30,-0.5,0
2024,1,8,2,30,-1.1,0
2024,1,8,3,30,-1.6,0
2024,1,8,4,30,-1.6,0
2024,1,8,5,30,-1.5,0
2024,1,8,6,30,-1.4000000000000001,0
2024,1,8,7,30,-1.4000000000000001,0
2024,1,8,8,30,-1.6,0
2024,1,8,9,30,-1.8,0
2024,1,8,10,30,-2.1,0
2024,1,8,11,30,-2.3000000000000003,0
2024,1,8,12,30,-1.3,16
2024,1,8,13,30,0.8,153
2024,1,8,14,30,2.4000000000000004,301
2024,1,8,15,30,3.4000000000000004,415
2024,1,8,16,30,4.1000000000000005,477
2024,1,8,17,30,4.6000000000000005,481
2024,1,8,18,30,4.800000000000001,427
2024,1,8,19,30,4.4,320
2024,1,8,20,30,3.5,174
2024,1,8,21,30,2.4000000000000004,27
2024,1,8,22,30,2,0
2024,1,8,23,30,2.2,0
2024,1,9,0,30,2.3000000000000003,0
2024,1,9,1,30,1.9000000000000001,0
2024,1,9,2,30,1.3,0
2024,1,9,3,30,1.1,0
2024,1,9,4,30,1,0
2024,1,9,5,30,0.30000000000000004,0
2024,1,9,6,30,-0.5,0
2024,1,9,7,30,-0.30000000000000004,0
2024,1,9,8,30,0,0
2024,1,9,9,30,0.1,0
2024,1,9,10,30,0.4,0
2024,1,9,11,30,1.3,0
2024,1,9,12,30,2.1,15
2024,1,9,13,30,3,37
2024,1,9,14,30,3.9000000000000004,23
2024,1,9,15,30,4.4,19
2024,1,9,16,30,4.6000000000000005,19
2024,1,9,17,30,5.1000000000000005,34
2024,1,9,18,30,5.7,15
2024,1,9,19,30,6.7,10
2024,1,9,20,30,7.9,6
2024,1,9,21,30,9,17
2024,1,9,22,30,10,0
2024,1,9,23,30,11,0
2024,1,10,0,30,12,0
2024,1,10,1,30,12.8,0
2024,1,10,2,30,13.4,0
2024,1,10,3,30,13.8,0
2024,1,10,4,30,14,0
2024,1,10,5,30,13.9,0
2024,1,10,6,30,13.5,0
2024,1,10,7,30,12.600000000000001,0
2024,1,10,8,30,10.8,0
2024,1,10,9,30,8.6,0
2024,1,10,10,30,7,0
2024,1,10,11,30,6.300000000000001,0
2024,1,10,12,30,6.4,13
2024,1,10,13,30,6.9,68
2024,1,10,14,30,7.300000000000001,251
2024,1,10,15,30,7.6000000000000005,321
2024,1,10,16,30,7.7,349
2024,1,10,17,30,7.6000000000000005,220
2024,1,10,18,30,7.4,75
2024,1,10,19,30,7,37
2024,1,10,20,30,6.4,14
2024,1,10,21,30,5.6000000000000005,29
2024,1,10,22,30,5,0
2024,1,10,23,30,4.800000000000001,0
2024,1,11,0,30,4.6000000000000005,0
2024,1,11,1,30,4.2,0
2024,1,11,2,30,3.7,0
2024,1,11,3,30,3.2,0
2024,1,11,4,30,2.8000000000000003,0
2024,1,11,5,30,2.1,0
2024,1,11,6,30,1.3,0
2024,1,11,7,30,0.7000000000000001,0
2024,1,11,8,30,0.4,0
2024,1,11,9,30,0,0
2024,1,11,10,30,-0.4,0
2024,1,11,11,30,-0.7000000000000001,0
2024,1,11,12,30,0.4,4
2024,1,11,13,30,2.8000000000000003,26
2024,1,11,14,30,4.7,106
2024,1,11,15,30,5.800000000000001,97
2024,1,11,16,30,6.2,119
2024,1,11,17,30,6.6000000000000005,480
2024,1,11,18,30,6.800000000000001,427
2024,1,11,19,30,6.4,322
2024,1,11,20,30,4.800000000000001,178
2024,1,11,21,30,3.3000000000000003,33
2024,1,11,22,30,3.2,0
2024,1,11,23,30,3.4000000000000004,0
2024,1,12,0,30,3.4000000000000004,0
2024,1,12,1,30,3.5,0
2024,1,12,2,30,3.3000000000000003,0
2024,1,12,3,30,2.7,0
2024,1,12,4,30,2.1,0
2024,1,12,5,30,1.7000000000000002,0
2024,1,12,6,30,1.1,0
2024,1,12,7,30,0.30000000000000004,0
2024,1,12,8,30,-0.30000000000000004,0
2024,1,12,9,30,-0.7000000000000001,0
2024,1,12,10,30,-1.1,0
2024,1,12,11,30,-1.3,0
2024,1,12,12,30,0.4,9
2024,1,12,13,30,3,127
2024,1,12,14,30,5.300000000000001,300
2024,1,12,15,30,7,419
2024,1,12,16,30,7.800000000000001,355
2024,1,12,17,30,7.9,364
2024,1,12,18,30,7.4,383
2024,1,12,19,30,6.6000000000000005,166
2024,1,12,20,30,5.5,69
2024,1,12,21,30,4.7,19
2024,1,12,22,30,4.4,0
2024,1,12,23,30,4.5,0
2024,1,13,0,30,5.1000000000000005,0
2024,1,13,1,30,6.1000000000000005,0
2024,1,13,2,30,7.5,0
2024,1,13,3,30,8.700000000000001,0
2024,1,13,4,30,9.200000000000001,0
2024,1,13,5,30,9.700000000000001,0
2024,1,13,6,30,10.3,0
2024,1,13,7,30,10.700000000000001,0
2024,1,13,8,30,10.9,0
2024,1,13,9,30,10.5,0
2024,1,13,10,30,10.4,0
2024,1,13,11,30,10.8,0
2024,1,13,12,30,11.3,14
2024,1,13,13,30,11.9,121
2024,1,13,14,30,12.200000000000001,297
2024,1,13,15,30,11.700000000000001,105
2024,1,13,16,30,10.8,34
2024,1,13,17,30,9.5,65
2024,1,13,18,30,8.200000000000001,81
2024,1,13,19,30,6.5,143
2024,1,13,20,30,4.800000000000001,184
2024,1,13,21,30,3.3000000000000003,26
2024,1,13,22,30,2.4000000000000004,0
2024,1,13,23,30,1.6,0
2024,1,14,0,30,0.8,0
2024,1,14,1,30,0.1,0
2024,1,14,2,30,-0.4,0
2024,1,14,3,30,-0.8,0
2024,1,14,4,30,-1.1,0
2024,1,14,5,30,-1.3,0
2024,1,14,6,30,-1.5,0
2024,1,14,7,30,-1.6,0
2024,1,14,8,30,-1.7000000000000002,0
2024,1,14,9,30,-2,0
2024,1,14,10,30,-2.1,0
2024,1,14,11,30,-2.1,0
2024,1,14,12,30,-1.3,17
2024,1,14,13,30,0.6000000000000001,156
2024,1,14,14,30,2.7,252
2024,1,14,15,30,4.3,419
2024,1,14,16,30,5.300000000000001,148
2024,1,14,17,30,5.2,40
2024,1,14,18,30,3.7,67
2024,1,14,19,30,1.6,131
2024,1,14,20,30,-0.5,201
2024,1,14,21,30,-2.2,46
2024,1,14,22,30,-3.2,0
2024,1,14,23,30,-3.8000000000000003,0
2024,1,15,0,30,-4.1000000000000005,0
2024,1,15,1,30,-4.3,0
2024,1,15,2,30,-4.4,0
2024,1,15,3,30,-4.5,0
2024,1,15,4,30,-4.800000000000001,0
2024,1,15,5,30,-4.9,0
2024,1,15,6,30,-4.6000000000000005,0
2024,1,15,7,30,-4.2,0
2024,1,15,8,30,-4.1000000000000005,0
2024,1,15,9,30,-4,0
2024,1,15,10,30,-4,0
2024,1,15,11,30,-4,0
2024,1,15,12,30,-3.7,16
2024,1,15,13,30,-3,118
2024,1,15,14,30,-2,134
2024,1,15,15,30,-1.1,143
2024,1,15,16,30,-0.6000000000000001,164
2024,1,15,17,30,-0.4,126
2024,1,15,18,30,-0.6000000000000001,99
2024,1,15,19,30,-1.2000000000000002,60
2024,1,15,20,30,-1.8,42
2024,1,15,21,30,-2.1,37
2024,1,15,22,30,-2.2,0
2024,1,15,23,30,-2.3000000000000003,0
2024,1,16,0,30,-2.4000000000000004,0
2024,1,16,1,30,-2.4000000000000004,0
2024,1,16,2,30,-2.4000000000000004,0
2024,1,16,3,30,-2.4000000000000004,0
2024,1,16,4,30,-2.5,0
2024,1,16,5,30,-2.5,0
2024,1,16,6,30,-2.7,0
2024,1,16,7,30,-2.8000000000000003,0
2024,1,16,8,30,-2.7,0
2024,1,16,9,30,-2.6,0
2024,1,16,10,30,-2.3000000000000003,0
2024,1,16,11,30,-2.1,0
2024,1,16,12,30,-1.7000000000000002,13
2024,1,16,13,30,-1.2000000000000002,32
2024,1,16,14,30,-0.8,10
2024,1,16,15,30,-0.6000000000000001,34
2024,1,16,16,30,-0.7000000000000001,20
2024,1,16,17,30,-1.1,41
2024,1,16,18,30,-1.5,21
2024,1,16,19,30,-1.7000000000000002,31
2024,1,16,20,30,-1.7000000000000002,20
2024,1,16,21,30,-1.9000000000000001,40
2024,1,16,22,30,-2.2,0
2024,1,16,23,30,-2.7,0
2024,1,17,0,30,-3.4000000000000004,0
2024,1,17,1,30,-4.2,0
2024,1,17,2,30,-5,0
2024,1,17,3,30,-5.9,0
2024,1,17,4,30,-6.800000000000001,0
2024,1,17,5,30,-7.4,0
2024,1,17,6,30,-7.800000000000001,0
2024,1,17,7,30,-8.4,0
2024,1,17,8,30,-9,0
2024,1,17,9,30,-9.600000000000001,0
2024,1,17,10,30,-10.3,0
2024,1,17,11,30,-10.700000000000001,0
2024,1,17,12,30,-10,20
2024,1,17,13,30,-8.6,173
2024,1,17,14,30,-7.6000000000000005,333
2024,1,17,15,30,-6.6000000000000005,457
2024,1,17,16,30,-5.800000000000001,526
2024,1,17,17,30,-5.1000000000000005,534
2024,1,17,18,30,-4.800000000000001,480
2024,1,17,19,30,-4.800000000000001,370
2024,1,17,20,30,-5.6000000000000005,217
2024,1,17,21,30,-6.800000000000001,54
2024,1,17,22,30,-7.5,0
2024,1,17,23,30,-7.5,0
2024,1,18,0,30,-7.6000000000000005,0
2024,1,18,1,30,-7.800000000000001,0
2024,1,18,2,30,-8.200000000000001,0
2024,1,18,3,30,-8.6,0
2024,1,18,4,30,-8.8,0
2024,1,18,5,30,-8.9,0
2024,1,18,6,30,-8.8,0
2024,1,18,7,30,-8.5,0
2024,1,18,8,30,-7.9,0
2024,1,18,9,30,-7.300000000000001,0
2024,1,18,10,30,-6.7,0
2024,1,18,11,30,-6.2,0
2024,1,18,12,30,-5.4,15
2024,1,18,13,30,-4.3,44
2024,1,18,14,30,-3.3000000000000003,47
2024,1,18,15,30,-2.5,135
2024,1,18,16,30,-1.9000000000000001,175
2024,1,18,17,30,-1.5,266
2024,1,18,18,30,-1.2000000000000002,261
2024,1,18,19,30,-1.1,240
2024,1,18,20,30,-1.7000000000000002,82
2024,1,18,21,30,-2.3000000000000003,42
2024,1,18,22,30,-2.4000000000000004,0
2024,1,18,23,30,-2.3000000000000003,0
2024,1,19,0,30,-2.2,0
2024,1,19,1,30,-2,0
2024,1,19,2,30,-2.2,0
2024,1,19,3,30,-2.5,0
2024,1,19,4,30,-2.8000000000000003,0
2024,1,19,5,30,-3,0
2024,1,19,6,30,-3,0
2024,1,19,7,30,-2.9000000000000004,0
2024,1,19,8,30,-2.8000000000000003,0
2024,1,19,9,30,-2.9000000000000004,0
2024,1,19,10,30,-2.9000000000000004,0
2024,1,19,11,30,-2.8000000000000003,0
2024,1,19,12,30,-2.5,3
2024,1,19,13,30,-2,38
2024,1,19,14,30,-1.6,170
2024,1,19,15,30,-1.5,35
2024,1,19,16,30,-1.5,125
2024,1,19,17,30,-1.6,102
2024,1,19,18,30,-1.8,119
2024,1,19,19,30,-2,68
2024,1,19,20,30,-2.4000000000000004,56
2024,1,19,21,30,-2.9000000000000004,7
2024,1,19,22,30,-3.5,0
2024,1,19,23,30,-4,0
2024,1,20,0,30,-4.2,0
2024,1,20,1,30,-4.4,0
2024,1,20,2,30,-4.5,0
2024,1,20,3,30,-4.6000000000000005,0
2024,1,20,4,30,-5.2,0
2024,1,20,5,30,-6.300000000000001,0
2024,1,20,6,30,-7.4,0
2024,1,20,7,30,-8.5,0
2024,1,20,8,30,-9.5,0
2024,1,20,9,30,-10.200000000000001,0
2024,1,20,10,30,-10.600000000000001,0
2024,1,20,11,30,-10.700000000000001,0
2024,1,20,12,30,-9.4,23
2024,1,20,13,30,-7.300000000000001,177
2024,1,20,14,30,-6.300000000000001,338
2024,1,20,15,30,-5.9,462
2024,1,20,16,30,-5.6000000000000005,533
2024,1,20,17,30,-5.6000000000000005,542
2024,1,20,18,30,-5.6000000000000005,488
2024,1,20,19,30,-5.9,326
2024,1,20,20,30,-6.300000000000001,91
2024,1,20,21,30,-6.800000000000001,59
2024,1,20,22,30,-7.1000000000000005,0
2024,1,20,23,30,-7.300000000000001,0
2024,1,21,0,30,-7.300000000000001,0
2024,1,21,1,30,-7.300000000000001,0
2024,1,21,2,30,-7.300000000000001,0
2024,1,21,3,30,-7.300000000000001,0
2024,1,21,4,30,-7.2,0
2024,1,21,5,30,-7.2,0
2024,1,21,6,30,-7.1000000000000005,0
2024,1,21,7,30,-7,0
2024,1,21,8,30,-6.9,0
2024,1,21,9,30,-6.9,0
2024,1,21,10,30,-7,0
2024,1,21,11,30,-7.2,0
2024,1,21,12,30,-6.9,25
2024,1,21,13,30,-6.1000000000000005,180
2024,1,21,14,30,-5.1000000000000005,342
2024,1,21,15,30,-4.1000000000000005,467
2024,1,21,16,30,-3.2,537
2024,1,21,17,30,-2.4000000000000004,547
2024,1,21,18,30,-1.9000000000000001,494
2024,1,21,19,30,-1.9000000000000001,384
2024,1,21,20,30,-2.7,231
2024,1,21,21,30,-4.1000000000000005,65
2024,1,21,22,30,-5.5,0
2024,1,21,23,30,-6.4,0
2024,1,22,0,30,-7,0
2024,1,22,1,30,-7.5,0
2024,1,22,2,30,-8,0
2024,1,22,3,30,-8.4,0
2024,1,22,4,30,-8.6,0
2024,1,22,5,30,-8.700000000000001,0
2024,1,22,6,30,-8.8,0
2024,1,22,7,30,-8.9,0
2024,1,22,8,30,-8.9,0
2024,1,22,9,30,-9,0
2024,1,22,10,30,-8.9,0
2024,1,22,11,30,-8.700000000000001,0
2024,1,22,12,30,-7.4,25
2024,1,22,13,30,-4.800000000000001,177
2024,1,22,14,30,-2.2,337
2024,1,22,15,30,-0.5,461
2024,1,22,16,30,0.30000000000000004,383
2024,1,22,17,30,0.8,392
2024,1,22,18,30,1,432
2024,1,22,19,30,0.8,356
2024,1,22,20,30,0,94
2024,1,22,21,30,-0.6000000000000001,61
2024,1,22,22,30,-1.1,0
2024,1,22,23,30,-1.6,0
2024,1,23,0,30,-2.3000000000000003,0
2024,1,23,1,30,-3.1,0
2024,1,23,2,30,-3.5,0
2024,1,23,3,30,-3.7,0
2024,1,23,4,30,-3.7,0
2024,1,23,5,30,-3.8000000000000003,0
2024,1,23,6,30,-3.9000000000000004,0
2024,1,23,7,30,-4.1000000000000005,0
2024,1,23,8,30,-4.3,0
2024,1,23,9,30,-4.5,0
2024,1,23,10,30,-4.4,0
2024,1,23,11,30,-3.7,0
2024,1,23,12,30,-2,11
2024,1,23,13,30,0.2,33
2024,1,23,14,30,1.3,103
2024,1,23,15,30,1.8,183
2024,1,23,16,30,2.1,188
2024,1,23,17,30,2.5,207
2024,1,23,18,30,2.8000000000000003,233
2024,1,23,19,30,3,139
2024,1,23,20,30,2.8000000000000003,68
2024,1,23,21,30,2.1,49
2024,1,23,22,30,1.2000000000000002,0
2024,1,23,23,30,0.4,0
2024,1,24,0,30,0,0
2024,1,24,1,30,0.1,0
2024,1,24,2,30,0.2,0
2024,1,24,3,30,0.5,0
2024,1,24,4,30,0.8,0
2024,1,24,5,30,0.9,0
2024,1,24,6,30,1,0
2024,1,24,7,30,1.1,0
2024,1,24,8,30,1.3,0
2024,1,24,9,30,1.5,0
2024,1,24,10,30,1.8,0
2024,1,24,11,30,2,0
2024,1,24,12,30,2.5,20
2024,1,24,13,30,2.9000000000000004,33
2024,1,24,14,30,3.2,51
2024,1,24,15,30,3.4000000000000004,65
2024,1,24,16,30,3.5,100
2024,1,24,17,30,3.6,82
2024,1,24,18,30,3.5,50
2024,1,24,19,30,3.1,36
2024,1,24,20,30,2.8000000000000003,10
2024,1,24,21,30,2.7,60
2024,1,24,22,30,2.5,0
2024,1,24,23,30,2.1,0
2024,1,25,0,30,2.1,0
2024,1,25,1,30,2.2,0
2024,1,25,2,30,2.3000000000000003,0
2024,1,25,3,30,2.5,0
2024,1,25,4,30,2.7,0
2024,1,25,5,30,3.1,0
2024,1,25,6,30,3.2,0
2024,1,25,7,30,3.3000000000000003,0
2024,1,25,8,30,3.6,0
2024,1,25,9,30,3.4000000000000004,0
2024,1,25,10,30,3.1,0
2024,1,25,11,30,3.1,0
2024,1,25,12,30,3.3000000000000003,21
2024,1,25,13,30,3.9000000000000004,33
2024,1,25,14,30,4.9,66
2024,1,25,15,30,6.4,124
2024,1,25,16,30,6.9,231
2024,1,25,17,30,6.6000000000000005,272
2024,1,25,18,30,6.4,130
2024,1,25,19,30,6.2,103
2024,1,25,20,30,5.5,35
2024,1,25,21,30,4.6000000000000005,59
2024,1,25,22,30,4.3,0
2024,1,25,23,30,4.4,0
2024,1,26,0,30,4.7,0
2024,1,26,1,30,4.9,0
2024,1,26,2,30,5,0
2024,1,26,3,30,5.2,0
2024,1,26,4,30,5.300000000000001,0
2024,1,26,5,30,5.2,0
2024,1,26,6,30,5,0
2024,1,26,7,30,4.7,0
2024,1,26,8,30,4.5,0
2024,1,26,9,30,4.4,0
2024,1,26,10,30,4.5,0
2024,1,26,11,30,4.7,0
2024,1,26,12,30,5.2,24
2024,1,26,13,30,6.1000000000000005,119
2024,1,26,14,30,7,89
2024,1,26,15,30,7.6000000000000005,437
2024,1,26,16,30,8.200000000000001,463
2024,1,26,17,30,8.6,509
2024,1,26,18,30,8.700000000000001,403
2024,1,26,19,30,8.200000000000001,370
2024,1,26,20,30,7.4,216
2024,1,26,21,30,6.6000000000000005,68
2024,1,26,22,30,5.6000000000000005,0
2024,1,26,23,30,4.7,0
2024,1,27,0,30,4.6000000000000005,0
2024,1,27,1,30,5,0
2024,1,27,2,30,5.2,0
2024,1,27,3,30,4.7,0
2024,1,27,4,30,3.7,0
2024,1,27,5,30,2.4000000000000004,0
2024,1,27,6,30,1.3,0
2024,1,27,7,30,0.5,0
2024,1,27,8,30,0,0
2024,1,27,9,30,-0.30000000000000004,0
2024,1,27,10,30,-0.5,0
2024,1,27,11,30,0.1,0
2024,1,27,12,30,1.6,26
2024,1,27,13,30,3.7,134
2024,1,27,14,30,5.7,174
2024,1,27,15,30,7.1000000000000005,241
2024,1,27,16,30,7.7,156
2024,1,27,17,30,7.9,79
2024,1,27,18,30,7.9,122
2024,1,27,19,30,7.7,94
2024,1,27,20,30,6.800000000000001,55
2024,1,27,21,30,5.300000000000001,45
2024,1,27,22,30,3.7,0
2024,1,27,23,30,2.5,0
2024,1,28,0,30,2.3000000000000003,0
2024,1,28,1,30,2.6,0
2024,1,28,2,30,2.7,0
2024,1,28,3,30,2.7,0
2024,1,28,4,30,2.7,0
2024,1,28,5,30,2.8000000000000003,0
2024,1,28,6,30,2.9000000000000004,0
2024,1,28,7,30,3.2,0
2024,1,28,8,30,3.2,0
2024,1,28,9,30,2.7,0
2024,1,28,10,30,2.2,0
2024,1,28,11,30,2,0
2024,1,28,12,30,2,23
2024,1,28,13,30,2.1,10
2024,1,28,14,30,2.3000000000000003,111
2024,1,28,15,30,2.3000000000000003,442
2024,1,28,16,30,2.3000000000000003,511
2024,1,28,17,30,2.2,522
2024,1,28,18,30,2.1,474
2024,1,28,19,30,2,316
2024,1,28,20,30,1.7000000000000002,232
2024,1,28,21,30,1.5,75
2024,1,28,22,30,1.5,0
2024,1,28,23,30,1.5,0
2024,1,29,0,30,1.6,0
2024,1,29,1,30,1.5,0
2024,1,29,2,30,1.4000000000000001,0
2024,1,29,3,30,1.2000000000000002,0
2024,1,29,4,30,1.2000000000000002,0
2024,1,29,5,30,1.2000000000000002,0
2024,1,29,6,30,1.3,0
2024,1,29,7,30,1.3,0
2024,1,29,8,30,1.3,0
2024,1,29,9,30,1.2000000000000002,0
2024,1,29,10,30,1.2000000000000002,0
2024,1,29,11,30,1.1,0
2024,1,29,12,30,1.4000000000000001,18
2024,1,29,13,30,2.1,81
2024,1,29,14,30,2.8000000000000003,104
2024,1,29,15,30,3.4000000000000004,97
2024,1,29,16,30,4,140
2024,1,29,17,30,4.2,139
2024,1,29,18,30,4.1000000000000005,112
2024,1,29,19,30,3.7,71
2024,1,29,20,30,3,24
2024,1,29,21,30,2.1,43
2024,1,29,22,30,1.3,0
2024,1,29,23,30,0.4,0
2024,1,30,0,30,-0.7000000000000001,0
2024,1,30,1,30,-1.7000000000000002,0
2024,1,30,2,30,-2.1,0
2024,1,30,3,30,-2.3000000000000003,0
2024,1,30,4,30,-2.6,0
2024,1,30,5,30,-2.8000000000000003,0
2024,1,30,6,30,-3,0
2024,1,30,7,30,-3,0
2024,1,30,8,30,-3,0
2024,1,30,9,30,-3,0
2024,1,30,10,30,-3,0
2024,1,30,11,30,-2.4000000000000004,0
2024,1,30,12,30,-0.6000000000000001,36
2024,1,30,13,30,1.5,19
2024,1,30,14,30,2.9000000000000004,85
2024,1,30,15,30,3.6,136
2024,1,30,16,30,3.9000000000000004,124
2024,1,30,17,30,3.9000000000000004,108
2024,1,30,18,30,3.5,70
2024,1,30,19,30,2.9000000000000004,86
2024,1,30,20,30,1.8,47
2024,1,30,21,30,0.8,67
2024,1,30,22,30,0.4,0
2024,1,30,23,30,0.4,0
2024,1,31,0,30,0.5,0
2024,1,31,1,30,0.5,0
2024,1,31,2,30,0.6000000000000001,0
2024,1,31,3,30,0.9,0
2024,1,31,4,30,1,0
2024,1,31,5,30,1,0
2024,1,31,6,30,0.9,0
2024,1,31,7,30,0.8,0
2024,1,31,8,30,0.6000000000000001,0
2024,1,31,9,30,0.30000000000000004,0
2024,1,31,10,30,0.1,0
2024,1,31,11,30,0.30000000000000004,0
2024,1,31,12,30,1.2000000000000002,35
2024,1,31,13,30,2.4000000000000004,80
2024,1,31,14,30,3.2,117
2024,1,31,15,30,3.8000000000000003,116
2024,1,31,16,30,4.3,114
2024,1,31,17,30,4.6000000000000005,93
2024,1,31,18,30,4.7,85
2024,1,31,19,30,4.6000000000000005,51
2024,1,31,20,30,4,40
2024,1,31,21,30,3.2,72
2024,1,31,22,30,2.5,0
2024,1,31,23,30,2.1,0
2024,2,1,0,30,1.6,0
2024,2,1,1,30,1.1,0
2024,2,1,2,30,0.6000000000000001,0
2024,2,1,3,30,0.1,0
2024,2,1,4,30,-0.4,0
2024,2,1,5,30,-0.9,0
2024,2,1,6,30,-1.1,0
2024,2,1,7,30,-1.3,0
2024,2,1,8,30,-1.1,0
2024,2,1,9,30,-0.7000000000000001,0
2024,2,1,10,30,-0.4,0
2024,2,1,11,30,-0.1,0
2024,2,1,12,30,0.8,18
2024,2,1,13,30,2,181
2024,2,1,14,30,3.3000000000000003,169
2024,2,1,15,30,4.800000000000001,130
2024,2,1,16,30,6.2,201
2024,2,1,17,30,7,368
2024,2,1,18,30,7.1000000000000005,87
2024,2,1,19,30,6.7,83
2024,2,1,20,30,5.5,24
2024,2,1,21,30,4,49
2024,2,1,22,30,3.3000000000000003,0
2024,2,1,23,30,3.2,0
2024,2,2,0,30,3.2,0
2024,2,2,1,30,3.1,0
2024,2,2,2,30,3,0
2024,2,2,3,30,2.9000000000000004,0
2024,2,2,4,30,2.8000000000000003,0
2024,2,2,5,30,2.8000000000000003,0
2024,2,2,6,30,2.8000000000000003,0
2024,2,2,7,30,2.6,0
2024,2,2,8,30,2.6,0
2024,2,2,9,30,2.7,0
2024,2,2,10,30,3.1,0
2024,2,2,11,30,3.4000000000000004,0
2024,2,2,12,30,3.7,22
2024,2,2,13,30,4.3,13
2024,2,2,14,30,5,33
2024,2,2,15,30,5.5,42
2024,2,2,16,30,5.800000000000001,74
2024,2,2,17,30,5.800000000000001,116
2024,2,2,18,30,5.800000000000001,92
2024,2,2,19,30,5.7,49
2024,2,2,20,30,5.1000000000000005,45
2024,2,2,21,30,4,47
2024,2,2,22,30,3.1,0
2024,2,2,23,30,2.3000000000000003,0
2024,2,3,0,30,1.6,0
2024,2,3,1,30,1.1,0
2024,2,3,2,30,0.6000000000000001,0
2024,2,3,3,30,0.1,0
2024,2,3,4,30,-0.5,0
2024,2,3,5,30,-1.1,0
2024,2,3,6,30,-1.5,0
2024,2,3,7,30,-1.5,0
2024,2,3,8,30,-1.4000000000000001,0
2024,2,3,9,30,-1.7000000000000002,0
2024,2,3,10,30,-2.1,0
2024,2,3,11,30,-1.9000000000000001,0
2024,2,3,12,30,-0.7000000000000001,31
2024,2,3,13,30,0.6000000000000001,100
2024,2,3,14,30,1.8,367
2024,2,3,15,30,2.8000000000000003,491
2024,2,3,16,30,3.8000000000000003,563
2024,2,3,17,30,4.5,575
2024,2,3,18,30,4.800000000000001,526
2024,2,3,19,30,4.7,419
2024,2,3,20,30,3.4000000000000004,270
2024,2,3,21,30,1.1,102
2024,2,3,22,30,-0.2,0
2024,2,3,23,30,-0.5,0
2024,2,4,0,30,-0.7000000000000001,0
2024,2,4,1,30,-1.1,0
2024,2,4,2,30,-1.5,0
2024,2,4,3,30,-1.9000000000000001,0
2024,2,4,4,30,-2.1,0
2024,2,4,5,30,-2.2,0
2024,2,4,6,30,-2.2,0
2024,2,4,7,30,-2.2,0
2024,2,4,8,30,-2.2,0
2024,2,4,9,30,-2.4000000000000004,0
2024,2,4,10,30,-2.6,0
2024,2,4,11,30,-2.2,0
2024,2,4,12,30,-0.9,50
2024,2,4,13,30,0.7000000000000001,215
2024,2,4,14,30,2.2,377
2024,2,4,15,30,3.6,502
2024,2,4,16,30,4.800000000000001,573
2024,2,4,17,30,5.7,586
2024,2,4,18,30,6.300000000000001,537
2024,2,4,19,30,6.1000000000000005,431
2024,2,4,20,30,4.800000000000001,280
2024,2,4,21,30,3.2,109
2024,2,4,22,30,2.1,0
2024,2,4,23,30,1,0
2024,2,5,0,30,0,0
2024,2,5,1,30,-0.5,0
2024,2,5,2,30,-0.9,0
2024,2,5,3,30,-1.2000000000000002,0
2024,2,5,4,30,-1.5,0
2024,2,5,5,30,-1.8,0
2024,2,5,6,30,-2,0
2024,2,5,7,30,-2.1,0
2024,2,5,8,30,-2.2,0
2024,2,5,9,30,-2.3000000000000003,0
2024,2,5,10,30,-2.4000000000000004,0
2024,2,5,11,30,-2,0
2024,2,5,12,30,-0.8,53
2024,2,5,13,30,0.7000000000000001,221
2024,2,5,14,30,2,384
2024,2,5,15,30,3.3000000000000003,508
2024,2,5,16,30,4.3,578
2024,2,5,17,30,4.9,590
2024,2,5,18,30,5.2,538
2024,2,5,19,30,5,434
2024,2,5,20,30,3.2,284
2024,2,5,21,30,0.7000000000000001,113
2024,2,5,22,30,-0.4,0
2024,2,5,23,30,-0.6000000000000001,0
2024,2,6,0,30,-1.3,0
2024,2,6,1,30,-2,0
2024,2,6,2,30,-2.3000000000000003,0
2024,2,6,3,30,-2.5,0
2024,2,6,4,30,-2.7,0
2024,2,6,5,30,-2.8000000000000003,0
2024,2,6,6,30,-3,0
2024,2,6,7,30,-3,0
2024,2,6,8,30,-3.1,0
2024,2,6,9,30,-3.1,0
2024,2,6,10,30,-3.2,0
2024,2,6,11,30,-2.9000000000000004,0
2024,2,6,12,30,-1.8,54
2024,2,6,13,30,-0.30000000000000004,222
2024,2,6,14,30,1.1,386
2024,2,6,15,30,2.2,511
2024,2,6,16,30,3.1,583
2024,2,6,17,30,3.7,596
2024,2,6,18,30,3.9000000000000004,547
2024,2,6,19,30,3.6,441
2024,2,6,20,30,2.2,290
2024,2,6,21,30,0,116
2024,2,6,22,30,-1.1,0
2024,2,6,23,30,-1.1,0
2024,2,7,0,30,-1.1,0
2024,2,7,1,30,-1.2000000000000002,0
2024,2,7,2,30,-1.3,0
2024,2,7,3,30,-1.4000000000000001,0
2024,2,7,4,30,-1.6,0
2024,2,7,5,30,-1.8,0
2024,2,7,6,30,-2.1,0
2024,2,7,7,30,-2.2,0
2024,2,7,8,30,-2.2,0
2024,2,7,9,30,-2.2,0
2024,2,7,10,30,-2.2,0
2024,2,7,11,30,-1.9000000000000001,0
2024,2,7,12,30,-0.6000000000000001,57
2024,2,7,13,30,1.6,224
2024,2,7,14,30,3.6,388
2024,2,7,15,30,4.9,513
2024,2,7,16,30,5.800000000000001,583
2024,2,7,17,30,6.4,595
2024,2,7,18,30,6.7,546
2024,2,7,19,30,6.4,438
2024,2,7,20,30,5.6000000000000005,288
2024,2,7,21,30,4.9,116
2024,2,7,22,30,4.6000000000000005,0
2024,2,7,23,30,4.4,0
2024,2,8,0,30,4,0
2024,2,8,1,30,3.6,0
2024,2,8,2,30,2.9000000000000004,0
2024,2,8,3,30,2.1,0
2024,2,8,4,30,1.2000000000000002,0
2024,2,8,5,30,0.5,0
2024,2,8,6,30,0.1,0
2024,2,8,7,30,-0.2,0
2024,2,8,8,30,-0.2,0
2024,2,8,9,30,0.1,0
2024,2,8,10,30,0.6000000000000001,0
2024,2,8,11,30,1,0
2024,2,8,12,30,2,55
2024,2,8,13,30,3.8000000000000003,220
2024,2,8,14,30,6.2,384
2024,2,8,15,30,8.4,511
2024,2,8,16,30,9.4,580
2024,2,8,17,30,9.9,592
2024,2,8,18,30,10,429
2024,2,8,19,30,8.9,344
2024,2,8,20,30,6.7,174
2024,2,8,21,30,4.4,112
2024,2,8,22,30,2.5,2
2024,2,8,23,30,1.5,0
2024,2,9,0,30,1,0
2024,2,9,1,30,0.8,0
2024,2,9,2,30,1.1,0
2024,2,9,3,30,1.4000000000000001,0
2024,2,9,4,30,1.4000000000000001,0
2024,2,9,5,30,1.4000000000000001,0
2024,2,9,6,30,1.5,0
2024,2,9,7,30,1.8,0
2024,2,9,8,30,2.1,0
2024,2,9,9,30,2.1,0
2024,2,9,10,30,2.2,0
2024,2,9,11,30,2.4000000000000004,0
2024,2,9,12,30,3,50
2024,2,9,13,30,4,42
2024,2,9,14,30,5.4,243
2024,2,9,15,30,7.300000000000001,478
2024,2,9,16,30,9.3,588
2024,2,9,17,30,11,596
2024,2,9,18,30,11.8,520
2024,2,9,19,30,11.700000000000001,423
2024,2,9,20,30,10.200000000000001,225
2024,2,9,21,30,7.6000000000000005,118
2024,2,9,22,30,6,2
2024,2,9,23,30,5.5,0
2024,2,10,0,30,4.9,0
2024,2,10,1,30,4.4,0
2024,2,10,2,30,4.1000000000000005,0
2024,2,10,3,30,3.8000000000000003,0
2024,2,10,4,30,3.7,0
2024,2,10,5,30,4.1000000000000005,0
2024,2,10,6,30,4.3,0
2024,2,10,7,30,4.3,0
2024,2,10,8,30,4.1000000000000005,0
2024,2,10,9,30,4,0
2024,2,10,10,30,3.9000000000000004,0
2024,2,10,11,30,4,0
2024,2,10,12,30,4.6000000000000005,43
2024,2,10,13,30,6,140
2024,2,10,14,30,7.800000000000001,265
2024,2,10,15,30,9.200000000000001,256
2024,2,10,16,30,10.100000000000001,219
2024,2,10,17,30,10.600000000000001,145
2024,2,10,18,30,10.700000000000001,114
2024,2,10,19,30,10.5,172
2024,2,10,20,30,9.8,120
2024,2,10,21,30,8.8,49
2024,2,10,22,30,8,2
2024,2,10,23,30,7.800000000000001,0
2024,2,11,0,30,7.7,0
2024,2,11,1,30,7.9,0
2024,2,11,2,30,8.200000000000001,0
2024,2,11,3,30,8.200000000000001,0
2024,2,11,4,30,7.9,0
2024,2,11,5,30,7.800000000000001,0
2024,2,11,6,30,7.5,0
2024,2,11,7,30,6.9,0
2024,2,11,8,30,6.2,0
2024,2,11,9,30,5.5,0
2024,2,11,10,30,4.9,0
2024,2,11,11,30,4.6000000000000005,0
2024,2,11,12,30,4.800000000000001,56
2024,2,11,13,30,5.300000000000001,78
2024,2,11,14,30,6,122
2024,2,11,15,30,6.4,106
2024,2,11,16,30,6.7,109
2024,2,11,17,30,6.9,128
2024,2,11,18,30,7.2,147
2024,2,11,19,30,7.5,220
2024,2,11,20,30,7,171
2024,2,11,21,30,5.5,47
2024,2,11,22,30,4.5,3
2024,2,11,23,30,4,0
2024,2,12,0,30,3.3000000000000003,0
2024,2,12,1,30,2.7,0
2024,2,12,2,30,2.2,0
2024,2,12,3,30,1.9000000000000001,0
2024,2,12,4,30,1.5,0
2024,2,12,5,30,0.9,0
2024,2,12,6,30,0.5,0
2024,2,12,7,30,0.1,0
2024,2,12,8,30,-0.30000000000000004,0
2024,2,12,9,30,-0.5,0
2024,2,12,10,30,-0.5,0
2024,2,12,11,30,0,0
2024,2,12,12,30,1.6,50
2024,2,12,13,30,3.4000000000000004,175
2024,2,12,14,30,5.1000000000000005,281
2024,2,12,15,30,6.6000000000000005,415
2024,2,12,16,30,7.800000000000001,473
2024,2,12,17,30,8.5,384
2024,2,12,18,30,8.8,349
2024,2,12,19,30,8.5,233
2024,2,12,20,30,7.6000000000000005,104
2024,2,12,21,30,6.7,61
2024,2,12,22,30,5.9,3
2024,2,12,23,30,4.7,0
2024,2,13,0,30,3.9000000000000004,0
2024,2,13,1,30,3.6,0
2024,2,13,2,30,3.2,0
2024,2,13,3,30,2.5,0
2024,2,13,4,30,1.8,0
2024,2,13,5,30,1.5,0
2024,2,13,6,30,1.3,0
2024,2,13,7,30,1.2000000000000002,0
2024,2,13,8,30,1.1,0
2024,2,13,9,30,0.9,0
2024,2,13,10,30,0.7000000000000001,0
2024,2,13,11,30,0.5,0
2024,2,13,12,30,0.5,46
2024,2,13,13,30,0.6000000000000001,50
2024,2,13,14,30,0.7000000000000001,22
2024,2,13,15,30,0.8,41
2024,2,13,16,30,1.2000000000000002,289
2024,2,13,17,30,1.8,130
2024,2,13,18,30,2.3000000000000003,317
2024,2,13,19,30,2.5,232
2024,2,13,20,30,2.3000000000000003,182
2024,2,13,21,30,1.4000000000000001,72
2024,2,13,22,30,0.30000000000000004,6
2024,2,13,23,30,-0.6000000000000001,0
2024,2,14,0,30,-1.3,0
2024,2,14,1,30,-1.5,0
2024,2,14,2,30,-0.9,0
2024,2,14,3,30,-0.1,0
2024,2,14,4,30,0,0
2024,2,14,5,30,-0.30000000000000004,0
2024,2,14,6,30,-0.5,0
2024,2,14,7,30,-0.9,0
2024,2,14,8,30,-1.6,0
2024,2,14,9,30,-2.4000000000000004,0
2024,2,14,10,30,-2.9000000000000004,0
2024,2,14,11,30,-2.9000000000000004,0
2024,2,14,12,30,-2.4000000000000004,85
2024,2,14,13,30,-1.8,272
2024,2,14,14,30,-1.5,448
2024,2,14,15,30,-0.9,581
2024,2,14,16,30,-0.30000000000000004,658
2024,2,14,17,30,0.30000000000000004,671
2024,2,14,18,30,0.6000000000000001,619
2024,2,14,19,30,0.5,506
2024,2,14,20,30,0,346
2024,2,14,21,30,-1.4000000000000001,157
2024,2,14,22,30,-2.9000000000000004,7
2024,2,14,23,30,-3.7,0
2024,2,15,0,30,-4.3,0
2024,2,15,1,30,-5,0
2024,2,15,2,30,-5.6000000000000005,0
2024,2,15,3,30,-5.9,0
2024,2,15,4,30,-6.1000000000000005,0
2024,2,15,5,30,-6.2,0
2024,2,15,6,30,-6.300000000000001,0
2024,2,15,7,30,-6.300000000000001,0
2024,2,15,8,30,-6.4,0
2024,2,15,9,30,-6.5,0
2024,2,15,10,30,-6.6000000000000005,0
2024,2,15,11,30,-5.9,0
2024,2,15,12,30,-3.7,88
2024,2,15,13,30,-1.4000000000000001,274
2024,2,15,14,30,0,450
2024,2,15,15,30,1,583
2024,2,15,16,30,1.8,620
2024,2,15,17,30,2.1,527
2024,2,15,18,30,2,425
2024,2,15,19,30,1.6,351
2024,2,15,20,30,0.9,211
2024,2,15,21,30,0.2,77
2024,2,15,22,30,-0.1,5
2024,2,15,23,30,-0.30000000000000004,0
2024,2,16,0,30,-0.2,0
2024,2,16,1,30,0.5,0
2024,2,16,2,30,1,0
2024,2,16,3,30,1.1,0
2024,2,16,4,30,1.3,0
2024,2,16,5,30,1.2000000000000002,0
2024,2,16,6,30,0.7000000000000001,0
2024,2,16,7,30,0.30000000000000004,0
2024,2,16,8,30,0,0
2024,2,16,9,30,-0.4,0
2024,2,16,10,30,-0.9,0
2024,2,16,11,30,-0.8,0
2024,2,16,12,30,0,92
2024,2,16,13,30,1.1,280
2024,2,16,14,30,1.9000000000000001,453
2024,2,16,15,30,2.5,579
2024,2,16,16,30,2.9000000000000004,652
2024,2,16,17,30,3.3000000000000003,662
2024,2,16,18,30,3.4000000000000004,610
2024,2,16,19,30,3.2,497
2024,2,16,20,30,2.4000000000000004,337
2024,2,16,21,30,0.7000000000000001,153
2024,2,16,22,30,-0.2,9
2024,2,16,23,30,0.30000000000000004,0
2024,2,17,0,30,1,0
2024,2,17,1,30,1.1,0
2024,2,17,2,30,0.7000000000000001,0
2024,2,17,3,30,0,0
2024,2,17,4,30,-0.5,0
2024,2,17,5,30,-0.9,0
2024,2,17,6,30,-1.2000000000000002,0
2024,2,17,7,30,-1.2000000000000002,0
2024,2,17,8,30,-1.3,0
2024,2,17,9,30,-1.4000000000000001,0
2024,2,17,10,30,-1.5,0
2024,2,17,11,30,-1.1,0
2024,2,17,12,30,-0.30000000000000004,35
2024,2,17,13,30,0.5,92
2024,2,17,14,30,0.8,84
2024,2,17,15,30,1.2000000000000002,274
2024,2,17,16,30,1.4000000000000001,176
2024,2,17,17,30,1.3,185
2024,2,17,18,30,1.1,188
2024,2,17,19,30,0.6000000000000001,306
2024,2,17,20,30,0,180
2024,2,17,21,30,-1.3,98
2024,2,17,22,30,-2.7,11
2024,2,17,23,30,-3.6,0
2024,2,18,0,30,-4.1000000000000005,0
2024,2,18,1,30,-4.6000000000000005,0
2024,2,18,2,30,-5.2,0
2024,2,18,3,30,-5.5,0
2024,2,18,4,30,-5.800000000000001,0
2024,2,18,5,30,-6,0
2024,2,18,6,30,-6.1000000000000005,0
2024,2,18,7,30,-6.1000000000000005,0
2024,2,18,8,30,-6.2,0
2024,2,18,9,30,-6.300000000000001,0
2024,2,18,10,30,-6.5,0
2024,2,18,11,30,-5.6000000000000005,0
2024,2,18,12,30,-3.4000000000000004,98
2024,2,18,13,30,-1.6,288
2024,2,18,14,30,-0.6000000000000001,464
2024,2,18,15,30,0.5,597
2024,2,18,16,30,1.5,674
2024,2,18,17,30,2.4000000000000004,683
2024,2,18,18,30,2.9000000000000004,630
2024,2,18,19,30,3,518
2024,2,18,20,30,2.4000000000000004,357
2024,2,18,21,30,1.2000000000000002,168
2024,2,18,22,30,0.1,12
2024,2,18,23,30,-0.5,0
2024,2,19,0,30,-0.9,0
2024,2,19,1,30,-1.3,0
2024,2,19,2,30,-1.6,0
2024,2,19,3,30,-1.8,0
2024,2,19,4,30,-2.3000000000000003,0
2024,2,19,5,30,-2.7,0
2024,2,19,6,30,-3,0
2024,2,19,7,30,-3.1,0
2024,2,19,8,30,-3.1,0
2024,2,19,9,30,-2.9000000000000004,0
2024,2,19,10,30,-2.9000000000000004,0
2024,2,19,11,30,-2.3000000000000003,0
2024,2,19,12,30,-0.8,104
2024,2,19,13,30,0.4,300
2024,2,19,14,30,1.1,479
2024,2,19,15,30,1.9000000000000001,607
2024,2,19,16,30,2.5,684
2024,2,19,17,30,2.9000000000000004,697
2024,2,19,18,30,3.1,644
2024,2,19,19,30,3,530
2024,2,19,20,30,2,364
2024,2,19,21,30,-0.2,175
2024,2,19,22,30,-1.9000000000000001,13
2024,2,19,23,30,-2.3000000000000003,0
2024,2,20,0,30,-2.7,0
2024,2,20,1,30,-2.9000000000000004,0
2024,2,20,2,30,-3.1,0
2024,2,20,3,30,-3.5,0
2024,2,20,4,30,-3.8000000000000003,0
2024,2,20,5,30,-4.2,0
2024,2,20,6,30,-4.6000000000000005,0
2024,2,20,7,30,-4.800000000000001,0
2024,2,20,8,30,-4.9,0
2024,2,20,9,30,-4.9,0
2024,2,20,10,30,-5.1000000000000005,0
2024,2,20,11,30,-4.6000000000000005,0
2024,2,20,12,30,-3.1,109
2024,2,20,13,30,-1.4000000000000001,303
2024,2,20,14,30,0,480
2024,2,20,15,30,1.2000000000000002,615
2024,2,20,16,30,2.2,692
2024,2,20,17,30,2.9000000000000004,704
2024,2,20,18,30,3.2,651
2024,2,20,19,30,3,531
2024,2,20,20,30,2,368
2024,2,20,21,30,-0.30000000000000004,179
2024,2,20,22,30,-2.1,16
2024,2,20,23,30,-2.6,0
2024,2,21,0,30,-2.7,0
2024,2,21,1,30,-2.8000000000000003,0
2024,2,21,2,30,-2.7,0
2024,2,21,3,30,-2.7,0
2024,2,21,4,30,-2.8000000000000003,0
2024,2,21,5,30,-2.8000000000000003,0
2024,2,21,6,30,-2.7,0
2024,2,21,7,30,-2.8000000000000003,0
2024,2,21,8,30,-3.2,0
2024,2,21,9,30,-3.8000000000000003,0
2024,2,21,10,30,-4.1000000000000005,0
2024,2,21,11,30,-2.9000000000000004,0
2024,2,21,12,30,-0.30000000000000004,108
2024,2,21,13,30,1.8,119
2024,2,21,14,30,3,254
2024,2,21,15,30,3.7,274
2024,2,21,16,30,4.2,272
2024,2,21,17,30,4.6000000000000005,330
2024,2,21,18,30,4.5,397
2024,2,21,19,30,4,476
2024,2,21,20,30,2.9000000000000004,355
2024,2,21,21,30,0.8,169
2024,2,21,22,30,-0.4,16
2024,2,21,23,30,-0.4,0
2024,2,22,0,30,-0.5,0
2024,2,22,1,30,-0.6000000000000001,0
2024,2,22,2,30,-0.7000000000000001,0
2024,2,22,3,30,-0.7000000000000001,0
2024,2,22,4,30,-0.7000000000000001,0
2024,2,22,5,30,-0.7000000000000001,0
2024,2,22,6,30,-0.6000000000000001,0
2024,2,22,7,30,-0.5,0
2024,2,22,8,30,-0.7000000000000001,0
2024,2,22,9,30,-1,0
2024,2,22,10,30,-1.5,0
2024,2,22,11,30,-0.9,0
2024,2,22,12,30,1,102
2024,2,22,13,30,2.7,282
2024,2,22,14,30,4,452
2024,2,22,15,30,5.2,577
2024,2,22,16,30,6.1000000000000005,578
2024,2,22,17,30,6.4,403
2024,2,22,18,30,6.2,346
2024,2,22,19,30,5.2,342
2024,2,22,20,30,3.6,101
2024,2,22,21,30,2.5,45
2024,2,22,22,30,1.9000000000000001,3
2024,2,22,23,30,1.2000000000000002,0
2024,2,23,0,30,1.2000000000000002,0
2024,2,23,1,30,1.6,0
2024,2,23,2,30,2,0
2024,2,23,3,30,2.3000000000000003,0
2024,2,23,4,30,2.4000000000000004,0
2024,2,23,5,30,2.5,0
2024,2,23,6,30,2.4000000000000004,0
2024,2,23,7,30,2.4000000000000004,0
2024,2,23,8,30,2.8000000000000003,0
2024,2,23,9,30,3.1,0
2024,2,23,10,30,2.8000000000000003,0
2024,2,23,11,30,2.5,0
2024,2,23,12,30,3,42
2024,2,23,13,30,4.2,84
2024,2,23,14,30,5.4,186
2024,2,23,15,30,6,220
2024,2,23,16,30,6.2,187
2024,2,23,17,30,6.2,169
2024,2,23,18,30,6.2,156
2024,2,23,19,30,5.7,149
2024,2,23,20,30,4.7,114
2024,2,23,21,30,3.6,26
2024,2,23,22,30,2.8000000000000003,16
2024,2,23,23,30,2.5,0
2024,2,24,0,30,2.5,0
2024,2,24,1,30,2.7,0
2024,2,24,2,30,3,0
2024,2,24,3,30,2.8000000000000003,0
2024,2,24,4,30,2.3000000000000003,0
2024,2,24,5,30,1.9000000000000001,0
2024,2,24,6,30,1.6,0
2024,2,24,7,30,1.3,0
2024,2,24,8,30,1.1,0
2024,2,24,9,30,1,0
2024,2,24,10,30,0.8,0
2024,2,24,11,30,1,0
2024,2,24,12,30,1.4000000000000001,36
2024,2,24,13,30,1.7000000000000002,107
2024,2,24,14,30,2.3000000000000003,170
2024,2,24,15,30,3.4000000000000004,272
2024,2,24,16,30,4.3,317
2024,2,24,17,30,4.7,693
2024,2,24,18,30,4.6000000000000005,643
2024,2,24,19,30,4.1000000000000005,532
2024,2,24,20,30,3.1,375
2024,2,24,21,30,1.3,188
2024,2,24,22,30,-0.4,22
2024,2,24,23,30,-1.4000000000000001,0
2024,2,25,0,30,-2.3000000000000003,0
2024,2,25,1,30,-3,0
2024,2,25,2,30,-3.6,0
2024,2,25,3,30,-4.1000000000000005,0
2024,2,25,4,30,-4.5,0
2024,2,25,5,30,-4.800000000000001,0
2024,2,25,6,30,-5,0
2024,2,25,7,30,-5.2,0
2024,2,25,8,30,-5.2,0
2024,2,25,9,30,-5.300000000000001,0
2024,2,25,10,30,-5.300000000000001,0
2024,2,25,11,30,-4.7,0
2024,2,25,12,30,-3.4000000000000004,129
2024,2,25,13,30,-1.9000000000000001,323
2024,2,25,14,30,-0.30000000000000004,498
2024,2,25,15,30,1.2000000000000002,624
2024,2,25,16,30,2.3000000000000003,699
2024,2,25,17,30,3.1,711
2024,2,25,18,30,3.6,658
2024,2,25,19,30,3.6,541
2024,2,25,20,30,2.7,379
2024,2,25,21,30,0.4,191
2024,2,25,22,30,-1.2000000000000002,24
2024,2,25,23,30,-1.2000000000000002,0
2024,2,26,0,30,-1.3,0
2024,2,26,1,30,-1.5,0
2024,2,26,2,30,-1.6,0
2024,2,26,3,30,-1.6,0
2024,2,26,4,30,-1.5,0
2024,2,26,5,30,-1.4000000000000001,0
2024,2,26,6,30,-0.8,0
2024,2,26,7,30,-0.30000000000000004,0
2024,2,26,8,30,0,0
2024,2,26,9,30,0.1,0
2024,2,26,10,30,0.1,0
2024,2,26,11,30,0.6000000000000001,2
2024,2,26,12,30,1.6,56
2024,2,26,13,30,3,211
2024,2,26,14,30,4.9,316
2024,2,26,15,30,7.1000000000000005,209
2024,2,26,16,30,8.9,445
2024,2,26,17,30,10.200000000000001,640
2024,2,26,18,30,10.9,629
2024,2,26,19,30,10.8,520
2024,2,26,20,30,9.200000000000001,322
2024,2,26,21,30,6.6000000000000005,151
2024,2,26,22,30,4.4,21
2024,2,26,23,30,3.3000000000000003,0
2024,2,27,0,30,2.7,0
2024,2,27,1,30,2.1,0
2024,2,27,2,30,1.7000000000000002,0
2024,2,27,3,30,1.6,0
2024,2,27,4,30,1.9000000000000001,0
2024,2,27,5,30,2.2,0
2024,2,27,6,30,2.4000000000000004,0
2024,2,27,7,30,2.5,0
2024,2,27,8,30,2.5,0
2024,2,27,9,30,2.4000000000000004,0
2024,2,27,10,30,2.4000000000000004,0
2024,2,27,11,30,2.7,2
2024,2,27,12,30,3.7,112
2024,2,27,13,30,5.4,205
2024,2,27,14,30,7.6000000000000005,338
2024,2,27,15,30,10.3,536
2024,2,27,16,30,12.700000000000001,663
2024,2,27,17,30,13.600000000000001,665
2024,2,27,18,30,13,468
2024,2,27,19,30,11.700000000000001,297
2024,2,27,20,30,10.3,124
2024,2,27,21,30,9.5,39
2024,2,27,22,30,9.5,5
2024,2,27,23,30,10,0
2024,2,28,0,30,10.4,0
2024,2,28,1,30,10.5,0
2024,2,28,2,30,10.200000000000001,0
2024,2,28,3,30,9.9,0
2024,2,28,4,30,9.8,0
2024,2,28,5,30,10,0
2024,2,28,6,30,10.100000000000001,0
2024,2,28,7,30,10,0
2024,2,28,8,30,9.9,0
2024,2,28,9,30,10.100000000000001,0
2024,2,28,10,30,10.200000000000001,0
2024,2,28,11,30,10.4,2
2024,2,28,12,30,10.8,35
2024,2,28,13,30,11.3,78
2024,2,28,14,30,11.9,143
2024,2,28,15,30,13,95
2024,2,28,16,30,14.4,87
2024,2,28,17,30,15,78
2024,2,28,18,30,14.9,62
2024,2,28,19,30,14.4,111
2024,2,28,20,30,13.700000000000001,28
2024,2,28,21,30,13.100000000000001,7
2024,2,28,22,30,12.600000000000001,24
2024,2,28,23,30,12.8,0
2024,3,1,0,30,-1.6,0
2024,3,1,1,30,-2.3000000000000003,0
2024,3,1,2,30,-2.8000000000000003,0
2024,3,1,3,30,-3,0
2024,3,1,4,30,-3.2,0
2024,3,1,5,30,-3.2,0
2024,3,1,6,30,-3.1,0
2024,3,1,7,30,-3.1,0
2024,3,1,8,30,-3,0
2024,3,1,9,30,-2.7,0
2024,3,1,10,30,-2.1,0
2024,3,1,11,30,-0.7000000000000001,6
2024,3,1,12,30,1.2000000000000002,147
2024,3,1,13,30,3,339
2024,3,1,14,30,4.6000000000000005,513
2024,3,1,15,30,5.7,640
2024,3,1,16,30,6.4,712
2024,3,1,17,30,6.800000000000001,723
2024,3,1,18,30,6.800000000000001,666
2024,3,1,19,30,6.5,536
2024,3,1,20,30,5.6000000000000005,396
2024,3,1,21,30,4,191
2024,3,1,22,30,2.6,19
2024,3,1,23,30,2.2,0
2024,3,2,0,30,2,0
2024,3,2,1,30,1.9000000000000001,0
2024,3,2,2,30,1.7000000000000002,0
2024,3,2,3,30,1.7000000000000002,0
2024,3,2,4,30,1.8,0
2024,3,2,5,30,2,0
2024,3,2,6,30,2.2,0
2024,3,2,7,30,2.4000000000000004,0
2024,3,2,8,30,2.8000000000000003,0
2024,3,2,9,30,3.3000000000000003,0
2024,3,2,10,30,3.8000000000000003,0
2024,3,2,11,30,4.7,2
2024,3,2,12,30,5.6000000000000005,29
2024,3,2,13,30,6.300000000000001,27
2024,3,2,14,30,7,36
2024,3,2,15,30,7.800000000000001,40
2024,3,2,16,30,8.5,37
2024,3,2,17,30,9.4,30
2024,3,2,18,30,10.100000000000001,22
2024,3,2,19,30,10.4,53
2024,3,2,20,30,10.100000000000001,25
2024,3,2,21,30,9.600000000000001,7
2024,3,2,22,30,9.200000000000001,34
2024,3,2,23,30,8.9,0
2024,3,3,0,30,8.3,0
2024,3,3,1,30,7.800000000000001,0
2024,3,3,2,30,7.5,0
2024,3,3,3,30,7,0
2024,3,3,4,30,6.5,0
2024,3,3,5,30,6,0
2024,3,3,6,30,5.6000000000000005,0
2024,3,3,7,30,5.4,0
2024,3,3,8,30,5.300000000000001,0
2024,3,3,9,30,5.2,0
2024,3,3,10,30,5.2,0
2024,3,3,11,30,5.9,9
2024,3,3,12,30,7.6000000000000005,154
2024,3,3,13,30,10.100000000000001,344
2024,3,3,14,30,12.5,513
2024,3,3,15,30,14.3,640
2024,3,3,16,30,15.700000000000001,712
2024,3,3,17,30,16.8,722
2024,3,3,18,30,17.400000000000002,669
2024,3,3,19,30,17.6,558
2024,3,3,20,30,17.3,399
2024,3,3,21,30,16.2,213
2024,3,3,22,30,15.200000000000001,39
2024,3,3,23,30,14.4,0
2024,3,4,0,30,13.600000000000001,0
2024,3,4,1,30,12.8,0
2024,3,4,2,30,11.8,0
2024,3,4,3,30,10.8,0
2024,3,4,4,30,9.600000000000001,0
2024,3,4,5,30,8.4,0
2024,3,4,6,30,7.4,0
2024,3,4,7,30,6.6000000000000005,0
2024,3,4,8,30,6,0
2024,3,4,9,30,5.6000000000000005,0
2024,3,4,10,30,5.6000000000000005,0
2024,3,4,11,30,6.6000000000000005,7
2024,3,4,12,30,8.4,48
2024,3,4,13,30,10.4,174
2024,3,4,14,30,12.200000000000001,353
2024,3,4,15,30,13.3,552
2024,3,4,16,30,13.5,709
2024,3,4,17,30,13,693
2024,3,4,18,30,12.100000000000001,522
2024,3,4,19,30,11.200000000000001,369
2024,3,4,20,30,10,245
2024,3,4,21,30,8.5,146
2024,3,4,22,30,7.2,19
2024,3,4,23,30,6.6000000000000005,0
2024,3,5,0,30,6.5,0
2024,3,5,1,30,6.5,0
2024,3,5,2,30,6.6000000000000005,0
2024,3,5,3,30,6.5,0
2024,3,5,4,30,6.4,0
2024,3,5,5,30,6.300000000000001,0
2024,3,5,6,30,6.2,0
2024,3,5,7,30,6,0
2024,3,5,8,30,5.9,0
2024,3,5,9,30,5.800000000000001,0
2024,3,5,10,30,5.7,0
2024,3,5,11,30,5.7,9
2024,3,5,12,30,6,27
2024,3,5,13,30,6.4,58
2024,3,5,14,30,6.800000000000001,157
2024,3,5,15,30,7.4,127
2024,3,5,16,30,8,183
2024,3,5,17,30,8.3,116
2024,3,5,18,30,8.700000000000001,120
2024,3,5,19,30,8.8,13
2024,3,5,20,30,8.6,45
2024,3,5,21,30,8.200000000000001,179
2024,3,5,22,30,7.7,35
2024,3,5,23,30,7.4,0
2024,3,6,0,30,7,0
2024,3,6,1,30,6.5,0
2024,3,6,2,30,6.300000000000001,0
2024,3,6,3,30,6.300000000000001,0
2024,3,6,4,30,6.2,0
2024,3,6,5,30,6,0
2024,3,6,6,30,5.7,0
2024,3,6,7,30,5.800000000000001,0
2024,3,6,8,30,6.2,0
2024,3,6,9,30,6.4,0
2024,3,6,10,30,6.5,0
2024,3,6,11,30,6.6000000000000005,11
2024,3,6,12,30,7.300000000000001,42
2024,3,6,13,30,8.3,78
2024,3,6,14,30,9.1,104
2024,3,6,15,30,9.700000000000001,99
2024,3,6,16,30,9.9,104
2024,3,6,17,30,9.9,55
2024,3,6,18,30,9.8,57
2024,3,6,19,30,9.4,58
2024,3,6,20,30,9,23
2024,3,6,21,30,8.5,11
2024,3,6,22,30,8.200000000000001,41
2024,3,6,23,30,8,0
2024,3,7,0,30,7.9,0
2024,3,7,1,30,7.9,0
2024,3,7,2,30,7.800000000000001,0
2024,3,7,3,30,7.800000000000001,0
2024,3,7,4,30,7.800000000000001,0
2024,3,7,5,30,7.800000000000001,0
2024,3,7,6,30,7.7,0
2024,3,7,7,30,7.6000000000000005,0
2024,3,7,8,30,7.4,0
2024,3,7,9,30,7.5,0
2024,3,7,10,30,7.7,0
2024,3,7,11,30,8.1,14
2024,3,7,12,30,8.4,152
2024,3,7,13,30,8.6,333
2024,3,7,14,30,8.700000000000001,216
2024,3,7,15,30,9,420
2024,3,7,16,30,9.9,237
2024,3,7,17,30,10.9,134
2024,3,7,18,30,11.5,320
2024,3,7,19,30,11.4,122
2024,3,7,20,30,10.8,141
2024,3,7,21,30,10,60
2024,3,7,22,30,9.1,50
2024,3,7,23,30,8.1,0
2024,3,8,0,30,7,0
2024,3,8,1,30,6.2,0
2024,3,8,2,30,5.6000000000000005,0
2024,3,8,3,30,5.1000000000000005,0
2024,3,8,4,30,4.6000000000000005,0
2024,3,8,5,30,4,0
2024,3,8,6,30,3.2,0
2024,3,8,7,30,2.4000000000000004,0
2024,3,8,8,30,1.9000000000000001,0
2024,3,8,9,30,1.5,0
2024,3,8,10,30,1.2000000000000002,0
2024,3,8,11,30,2,20
2024,3,8,12,30,3.9000000000000004,171
2024,3,8,13,30,5.800000000000001,368
2024,3,8,14,30,7.4,457
2024,3,8,15,30,8.8,569
2024,3,8,16,30,10,774
2024,3,8,17,30,10.8,782
2024,3,8,18,30,11.100000000000001,722
2024,3,8,19,30,10.8,591
2024,3,8,20,30,9.700000000000001,366
2024,3,8,21,30,7.7,205
2024,3,8,22,30,6,43
2024,3,8,23,30,4.9,0
2024,3,9,0,30,4.4,0
2024,3,9,1,30,4.2,0
2024,3,9,2,30,4,0
2024,3,9,3,30,3.8000000000000003,0
2024,3,9,4,30,3.8000000000000003,0
2024,3,9,5,30,3.7,0
2024,3,9,6,30,3.5,0
2024,3,9,7,30,3.3000000000000003,0
2024,3,9,8,30,3.3000000000000003,0
2024,3,9,9,30,3.4000000000000004,0
2024,3,9,10,30,3.6,0
2024,3,9,11,30,4,3
2024,3,9,12,30,4.6000000000000005,22
2024,3,9,13,30,5.2,60
2024,3,9,14,30,5.9,116
2024,3,9,15,30,6.300000000000001,100
2024,3,9,16,30,6.300000000000001,73
2024,3,9,17,30,6.300000000000001,58
2024,3,9,18,30,6.300000000000001,35
2024,3,9,19,30,6.1000000000000005,52
2024,3,9,20,30,5.7,25
2024,3,9,21,30,5.300000000000001,9
2024,3,9,22,30,5.5,27
2024,3,9,23,30,6.1000000000000005,0
2024,3,10,0,30,6.7,0
2024,3,10,1,30,7.2,0
2024,3,10,2,30,7.9,0
2024,3,10,3,30,8.6,0
2024,3,10,4,30,8.8,0
2024,3,10,5,30,8.3,0
2024,3,10,6,30,8,0
2024,3,10,7,30,7.5,0
2024,3,10,8,30,6.2,0
2024,3,10,9,30,4.9,0
2024,3,10,10,30,4.3,0
2024,3,10,11,30,4.7,16
2024,3,10,12,30,5.7,92
2024,3,10,13,30,6.7,166
2024,3,10,14,30,8.1,536
2024,3,10,15,30,8.9,280
2024,3,10,16,30,8.9,122
2024,3,10,17,30,8.3,369
2024,3,10,18,30,7.300000000000001,92
2024,3,10,19,30,6.300000000000001,101
2024,3,10,20,30,5.5,303
2024,3,10,21,30,4.5,136
2024,3,10,22,30,3.5,44
2024,3,10,23,30,2.9000000000000004,0
2024,3,11,0,30,2,0
2024,3,11,1,30,1.2000000000000002,0
2024,3,11,2,30,0.6000000000000001,0
2024,3,11,3,30,0.30000000000000004,0
2024,3,11,4,30,0.1,0
2024,3,11,5,30,0,0
2024,3,11,6,30,0,0
2024,3,11,7,30,0.2,0
2024,3,11,8,30,0.4,0
2024,3,11,9,30,0.4,0
2024,3,11,10,30,0.4,0
2024,3,11,11,30,0.9,24
2024,3,11,12,30,1.9000000000000001,116
2024,3,11,13,30,3.1,405
2024,3,11,14,30,4.4,585
2024,3,11,15,30,5.7,718
2024,3,11,16,30,6.9,790
2024,3,11,17,30,7.6000000000000005,797
2024,3,11,18,30,8,741
2024,3,11,19,30,8,620
2024,3,11,20,30,7.5,454
2024,3,11,21,30,6.4,255
2024,3,11,22,30,5.2,64
2024,3,11,23,30,4.4,0
2024,3,12,0,30,3.9000000000000004,0
2024,3,12,1,30,3.5,0
2024,3,12,2,30,3,0
2024,3,12,3,30,2.6,0
2024,3,12,4,30,2.3000000000000003,0
2024,3,12,5,30,2,0
2024,3,12,6,30,1.8,0
2024,3,12,7,30,1.6,0
2024,3,12,8,30,1.2000000000000002,0
2024,3,12,9,30,1,0
2024,3,12,10,30,1.2000000000000002,0
2024,3,12,11,30,2.6,28
2024,3,12,12,30,5.2,201
2024,3,12,13,30,8.1,398
2024,3,12,14,30,10.5,572
2024,3,12,15,30,12.3,702
2024,3,12,16,30,13.700000000000001,773
2024,3,12,17,30,14.700000000000001,780
2024,3,12,18,30,15.200000000000001,721
2024,3,12,19,30,15.200000000000001,607
2024,3,12,20,30,14.700000000000001,443
2024,3,12,21,30,12.700000000000001,251
2024,3,12,22,30,10.3,60
2024,3,12,23,30,9.1,0
2024,3,13,0,30,8.4,0
2024,3,13,1,30,7.800000000000001,0
2024,3,13,2,30,7.1000000000000005,0
2024,3,13,3,30,6.5,0
2024,3,13,4,30,5.9,0
2024,3,13,5,30,5.4,0
2024,3,13,6,30,5.1000000000000005,0
2024,3,13,7,30,5.1000000000000005,0
2024,3,13,8,30,5.4,0
2024,3,13,9,30,5.800000000000001,0
2024,3,13,10,30,6.1000000000000005,0
2024,3,13,11,30,7,27
2024,3,13,12,30,8.6,179
2024,3,13,13,30,10.5,338
2024,3,13,14,30,12.4,460
2024,3,13,15,30,14,567
2024,3,13,16,30,15.200000000000001,583
2024,3,13,17,30,16.3,563
2024,3,13,18,30,17,549
2024,3,13,19,30,16.6,546
2024,3,13,20,30,15.5,348
2024,3,13,21,30,13.3,239
2024,3,13,22,30,11,60
2024,3,13,23,30,9.9,0
2024,3,14,0,30,9.4,0
2024,3,14,1,30,8.8,0
2024,3,14,2,30,8.200000000000001,0
2024,3,14,3,30,7.7,0
2024,3,14,4,30,7.2,0
2024,3,14,5,30,6.7,0
2024,3,14,6,30,6.300000000000001,0
2024,3,14,7,30,6.1000000000000005,0
2024,3,14,8,30,6,0
2024,3,14,9,30,5.800000000000001,0
2024,3,14,10,30,6.1000000000000005,0
2024,3,14,11,30,7.7,33
2024,3,14,12,30,10.100000000000001,136
2024,3,14,13,30,12.8,304
2024,3,14,14,30,15.700000000000001,535
2024,3,14,15,30,17.8,694
2024,3,14,16,30,19,762
2024,3,14,17,30,20,765
2024,3,14,18,30,20.8,703
2024,3,14,19,30,20.6,586
2024,3,14,20,30,18.6,380
2024,3,14,21,30,15.600000000000001,124
2024,3,14,22,30,13,39
2024,3,14,23,30,11.5,0
2024,3,15,0,30,10.700000000000001,0
2024,3,15,1,30,10.200000000000001,0
2024,3,15,2,30,9.700000000000001,0
2024,3,15,3,30,9.5,0
2024,3,15,4,30,9.5,0
2024,3,15,5,30,9.4,0
2024,3,15,6,30,9.700000000000001,0
2024,3,15,7,30,10.4,0
2024,3,15,8,30,11,0
2024,3,15,9,30,11.5,0
2024,3,15,10,30,11.700000000000001,0
2024,3,15,11,30,12.100000000000001,10
2024,3,15,12,30,13.100000000000001,16
2024,3,15,13,30,13.9,83
2024,3,15,14,30,15.200000000000001,345
2024,3,15,15,30,17,501
2024,3,15,16,30,17.7,512
2024,3,15,17,30,17.5,474
2024,3,15,18,30,17,530
2024,3,15,19,30,16.400000000000002,408
2024,3,15,20,30,15.3,303
2024,3,15,21,30,13.700000000000001,180
2024,3,15,22,30,11.700000000000001,44
2024,3,15,23,30,10.200000000000001,0
2024,3,16,0,30,9.1,0
2024,3,16,1,30,8.200000000000001,0
2024,3,16,2,30,7.6000000000000005,0
2024,3,16,3,30,6.9,0
2024,3,16,4,30,6.300000000000001,0
2024,3,16,5,30,6,0
2024,3,16,6,30,6,0
2024,3,16,7,30,6,0
2024,3,16,8,30,5.9,0
2024,3,16,9,30,5.5,0
2024,3,16,10,30,5.300000000000001,0
2024,3,16,11,30,6.300000000000001,42
2024,3,16,12,30,8.3,219
2024,3,16,13,30,10.200000000000001,415
2024,3,16,14,30,11.4,590
2024,3,16,15,30,12.3,720
2024,3,16,16,30,12.8,791
2024,3,16,17,30,13,798
2024,3,16,18,30,13.200000000000001,736
2024,3,16,19,30,13.100000000000001,618
2024,3,16,20,30,12.600000000000001,453
2024,3,16,21,30,11.3,262
2024,3,16,22,30,9.4,74
2024,3,16,23,30,8,0
2024,3,17,0,30,7.300000000000001,0
2024,3,17,1,30,7.1000000000000005,0
2024,3,17,2,30,7,0
2024,3,17,3,30,6.9,0
2024,3,17,4,30,6.800000000000001,0
2024,3,17,5,30,6.800000000000001,0
2024,3,17,6,30,7.1000000000000005,0
2024,3,17,7,30,7.4,0
2024,3,17,8,30,7.6000000000000005,0
2024,3,17,9,30,7.800000000000001,0
2024,3,17,10,30,8,0
2024,3,17,11,30,8.9,40
2024,3,17,12,30,10.600000000000001,52
2024,3,17,13,30,12.200000000000001,138
2024,3,17,14,30,13,469
2024,3,17,15,30,13.3,737
2024,3,17,16,30,13.5,677
2024,3,17,17,30,13.5,695
2024,3,17,18,30,13.4,550
2024,3,17,19,30,13.100000000000001,558
2024,3,17,20,30,12.600000000000001,465
2024,3,17,21,30,11,265
2024,3,17,22,30,8.700000000000001,79
2024,3,17,23,30,7.300000000000001,0
2024,3,18,0,30,6.7,0
2024,3,18,1,30,6.4,0
2024,3,18,2,30,6.2,0
2024,3,18,3,30,6,0
2024,3,18,4,30,5.6000000000000005,0
2024,3,18,5,30,5.1000000000000005,0
2024,3,18,6,30,4.6000000000000005,0
2024,3,18,7,30,3.9000000000000004,0
2024,3,18,8,30,3.3000000000000003,0
2024,3,18,9,30,2.4000000000000004,0
2024,3,18,10,30,2.1,0
2024,3,18,11,30,3.2,23
2024,3,18,12,30,5,152
2024,3,18,13,30,6.4,325
2024,3,18,14,30,7.300000000000001,621
2024,3,18,15,30,7.9,542
2024,3,18,16,30,8.3,569
2024,3,18,17,30,8.3,688
2024,3,18,18,30,8,677
2024,3,18,19,30,7.4,544
2024,3,18,20,30,6.6000000000000005,285
2024,3,18,21,30,5.5,127
2024,3,18,22,30,4.2,58
2024,3,18,23,30,3.1,0
2024,3,19,0,30,2.3000000000000003,0
2024,3,19,1,30,1.6,0
2024,3,19,2,30,1,0
2024,3,19,3,30,0.6000000000000001,0
2024,3,19,4,30,0.4,0
2024,3,19,5,30,0.1,0
2024,3,19,6,30,-0.1,0
2024,3,19,7,30,-0.30000000000000004,0
2024,3,19,8,30,-0.5,0
2024,3,19,9,30,-0.7000000000000001,0
2024,3,19,10,30,-0.6000000000000001,0
2024,3,19,11,30,0.30000000000000004,59
2024,3,19,12,30,1.6,167
2024,3,19,13,30,2.8000000000000003,397
2024,3,19,14,30,4.1000000000000005,629
2024,3,19,15,30,5.300000000000001,752
2024,3,19,16,30,6.1000000000000005,771
2024,3,19,17,30,6.2,654
2024,3,19,18,30,6.1000000000000005,580
2024,3,19,19,30,5.9,470
2024,3,19,20,30,5.5,351
2024,3,19,21,30,4.5,191
2024,3,19,22,30,3.5,66
2024,3,19,23,30,3,0
2024,3,20,0,30,2.8000000000000003,0
2024,3,20,1,30,2.7,0
2024,3,20,2,30,2.7,0
2024,3,20,3,30,2.8000000000000003,0
2024,3,20,4,30,2.9000000000000004,0
2024,3,20,5,30,2.7,0
2024,3,20,6,30,2.4000000000000004,0
2024,3,20,7,30,2.4000000000000004,0
2024,3,20,8,30,2.3000000000000003,0
2024,3,20,9,30,2.1,0
2024,3,20,10,30,2.3000000000000003,0
2024,3,20,11,30,3.6,34
2024,3,20,12,30,6,30
2024,3,20,13,30,8.9,135
2024,3,20,14,30,10.600000000000001,574
2024,3,20,15,30,10.9,603
2024,3,20,16,30,11.200000000000001,597
2024,3,20,17,30,12.3,168
2024,3,20,18,30,12.700000000000001,353
2024,3,20,19,30,11.9,101
2024,3,20,20,30,10.9,215
2024,3,20,21,30,9.4,115
2024,3,20,22,30,7.300000000000001,62
2024,3,20,23,30,5.2,0
2024,3,21,0,30,3.2,0
2024,3,21,1,30,1.5,0
2024,3,21,2,30,0.30000000000000004,0
2024,3,21,3,30,-0.5,0
2024,3,21,4,30,-1,0
2024,3,21,5,30,-1.4000000000000001,0
2024,3,21,6,30,-1.7000000000000002,0
2024,3,21,7,30,-1.9000000000000001,0
2024,3,21,8,30,-2.2,0
2024,3,21,9,30,-2.6,0
2024,3,21,10,30,-2.6,0
2024,3,21,11,30,-1.9000000000000001,71
2024,3,21,12,30,-0.9,269
2024,3,21,13,30,0.30000000000000004,475
2024,3,21,14,30,1.6,652
2024,3,21,15,30,2.8000000000000003,783
2024,3,21,16,30,3.9000000000000004,846
2024,3,21,17,30,4.5,850
2024,3,21,18,30,4.800000000000001,787
2024,3,21,19,30,4.7,664
2024,3,21,20,30,4.3,494
2024,3,21,21,30,3.2,291
2024,3,21,22,30,1.6,93
2024,3,21,23,30,0.1,0
2024,3,22,0,30,-0.6000000000000001,0
2024,3,22,1,30,-1.2000000000000002,0
2024,3,22,2,30,-1.9000000000000001,0
2024,3,22,3,30,-2.6,0
2024,3,22,4,30,-3,0
2024,3,22,5,30,-3.3000000000000003,0
2024,3,22,6,30,-3.4000000000000004,0
2024,3,22,7,30,-3.5,0
2024,3,22,8,30,-3.6,0
2024,3,22,9,30,-3.7,0
2024,3,22,10,30,-3.3000000000000003,0
2024,3,22,11,30,-1.9000000000000001,72
2024,3,22,12,30,-0.2,262
2024,3,22,13,30,1.5,455
2024,3,22,14,30,3.1,624
2024,3,22,15,30,4.5,540
2024,3,22,16,30,5.7,822
2024,3,22,17,30,6.5,821
2024,3,22,18,30,7,557
2024,3,22,19,30,7.2,108
2024,3,22,20,30,6.9,64
2024,3,22,21,30,5.5,42
2024,3,22,22,30,3.6,29
2024,3,22,23,30,2.6,0
2024,3,23,0,30,2.3000000000000003,0
2024,3,23,1,30,2.3000000000000003,0
2024,3,23,2,30,2.7,0
2024,3,23,3,30,3.1,0
2024,3,23,4,30,3.3000000000000003,0
2024,3,23,5,30,3.7,0
2024,3,23,6,30,4,0
2024,3,23,7,30,4.4,0
2024,3,23,8,30,4.9,0
2024,3,23,9,30,5.4,0
2024,3,23,10,30,6.1000000000000005,0
2024,3,23,11,30,7,20
2024,3,23,12,30,8.1,12
2024,3,23,13,30,9.200000000000001,16
2024,3,23,14,30,10.100000000000001,24
2024,3,23,15,30,10.700000000000001,41
2024,3,23,16,30,11.100000000000001,33
2024,3,23,17,30,11.3,27
2024,3,23,18,30,11,52
2024,3,23,19,30,9.8,41
2024,3,23,20,30,7.5,93
2024,3,23,21,30,5.4,37
2024,3,23,22,30,4,34
2024,3,23,23,30,3,0
2024,3,24,0,30,2.2,0
2024,3,24,1,30,1.4000000000000001,0
2024,3,24,2,30,0.5,0
2024,3,24,3,30,-0.30000000000000004,0
2024,3,24,4,30,-1,0
2024,3,24,5,30,-1.6,0
2024,3,24,6,30,-1.9000000000000001,0
2024,3,24,7,30,-2.1,0
2024,3,24,8,30,-2.3000000000000003,0
2024,3,24,9,30,-2.5,0
2024,3,24,10,30,-2.4000000000000004,0
2024,3,24,11,30,-1.3,86
2024,3,24,12,30,0.30000000000000004,288
2024,3,24,13,30,1.8,494
2024,3,24,14,30,3.2,664
2024,3,24,15,30,4.5,789
2024,3,24,16,30,5.800000000000001,855
2024,3,24,17,30,6.7,855
2024,3,24,18,30,7.300000000000001,794
2024,3,24,19,30,7.300000000000001,672
2024,3,24,20,30,6.800000000000001,504
2024,3,24,21,30,5.6000000000000005,306
2024,3,24,22,30,3.7,105
2024,3,24,23,30,2.3000000000000003,0
2024,3,25,0,30,1.4000000000000001,0
2024,3,25,1,30,0.8,0
2024,3,25,2,30,0.30000000000000004,0
2024,3,25,3,30,-0.2,0
2024,3,25,4,30,-0.6000000000000001,0
2024,3,25,5,30,-1,0
2024,3,25,6,30,-1.4000000000000001,0
2024,3,25,7,30,-1.5,0
2024,3,25,8,30,-1.4000000000000001,0
2024,3,25,9,30,-1.5,0
2024,3,25,10,30,-1.1,0
2024,3,25,11,30,0.4,86
2024,3,25,12,30,2.4000000000000004,286
2024,3,25,13,30,4.2,488
2024,3,25,14,30,5.7,660
2024,3,25,15,30,7.1000000000000005,783
2024,3,25,16,30,8.3,850
2024,3,25,17,30,9.200000000000001,853
2024,3,25,18,30,9.700000000000001,792
2024,3,25,19,30,9.8,673
2024,3,25,20,30,9.5,506
2024,3,25,21,30,8.200000000000001,306
2024,3,25,22,30,5.800000000000001,105
2024,3,25,23,30,4.5,0
2024,3,26,0,30,4.4,0
2024,3,26,1,30,3.6,0
2024,3,26,2,30,2.5,0
2024,3,26,3,30,1.6,0
2024,3,26,4,30,1,0
2024,3,26,5,30,0.7000000000000001,0
2024,3,26,6,30,0.5,0
2024,3,26,7,30,0.6000000000000001,0
2024,3,26,8,30,1.1,0
2024,3,26,9,30,1.5,0
2024,3,26,10,30,1.8,0
2024,3,26,11,30,2.5,43
2024,3,26,12,30,3.4000000000000004,173
2024,3,26,13,30,4.5,375
2024,3,26,14,30,5.7,500
2024,3,26,15,30,6.800000000000001,713
2024,3,26,16,30,7.7,423
2024,3,26,17,30,8.1,645
2024,3,26,18,30,8,757
2024,3,26,19,30,7.7,631
2024,3,26,20,30,7.300000000000001,292
2024,3,26,21,30,6.800000000000001,146
2024,3,26,22,30,6.300000000000001,38
2024,3,26,23,30,6,0
2024,3,27,0,30,5.9,0
2024,3,27,1,30,5.7,0
2024,3,27,2,30,5.5,0
2024,3,27,3,30,5.300000000000001,0
2024,3,27,4,30,5.2,0
2024,3,27,5,30,5,0
2024,3,27,6,30,4.9,0
2024,3,27,7,30,4.9,0
2024,3,27,8,30,5,0
2024,3,27,9,30,5,0
2024,3,27,10,30,5.2,0
2024,3,27,11,30,5.5,57
2024,3,27,12,30,6.1000000000000005,27
2024,3,27,13,30,6.9,51
2024,3,27,14,30,7.9,105
2024,3,27,15,30,9.200000000000001,68
2024,3,27,16,30,10.3,100
2024,3,27,17,30,11.3,113
2024,3,27,18,30,11.8,89
2024,3,27,19,30,11.3,49
2024,3,27,20,30,10.5,20
2024,3,27,21,30,9.9,17
2024,3,27,22,30,9.1,12
2024,3,27,23,30,8.4,0
2024,3,28,0,30,8.1,0
2024,3,28,1,30,7.9,0
2024,3,28,2,30,7.9,0
2024,3,28,3,30,8,0
2024,3,28,4,30,7.9,0
2024,3,28,5,30,7.6000000000000005,0
2024,3,28,6,30,7.1000000000000005,0
2024,3,28,7,30,6.9,0
2024,3,28,8,30,6.6000000000000005,0
2024,3,28,9,30,6.300000000000001,0
2024,3,28,10,30,6.4,0
2024,3,28,11,30,7.1000000000000005,14
2024,3,28,12,30,8,12
2024,3,28,13,30,8.700000000000001,93
2024,3,28,14,30,9.1,178
2024,3,28,15,30,9.200000000000001,57
2024,3,28,16,30,9.1,88
2024,3,28,17,30,9,93
2024,3,28,18,30,8.9,82
2024,3,28,19,30,8.8,28
2024,3,28,20,30,8.6,58
2024,3,28,21,30,8.1,23
2024,3,28,22,30,7.6000000000000005,4
2024,3,28,23,30,7.1000000000000005,0
2024,3,29,0,30,6.7,0
2024,3,29,1,30,6.300000000000001,0
2024,3,29,2,30,5.7,0
2024,3,29,3,30,5.1000000000000005,0
2024,3,29,4,30,4.6000000000000005,0
2024,3,29,5,30,4.1000000000000005,0
2024,3,29,6,30,3.7,0
2024,3,29,7,30,3.5,0
2024,3,29,8,30,3.2,0
2024,3,29,9,30,3,0
2024,3,29,10,30,2.9000000000000004,0
2024,3,29,11,30,3.7,105
2024,3,29,12,30,5.4,312
2024,3,29,13,30,7.1000000000000005,517
2024,3,29,14,30,8.3,688
2024,3,29,15,30,9.3,810
2024,3,29,16,30,10.100000000000001,873
2024,3,29,17,30,10.600000000000001,871
2024,3,29,18,30,10.700000000000001,806
2024,3,29,19,30,10.4,683
2024,3,29,20,30,9.600000000000001,515
2024,3,29,21,30,8.3,316
2024,3,29,22,30,6.7,117
2024,3,29,23,30,5.2,0
2024,3,30,0,30,4.3,0
2024,3,30,1,30,3.6,0
2024,3,30,2,30,3.1,0
2024,3,30,3,30,2.7,0
2024,3,30,4,30,2.4000000000000004,0
2024,3,30,5,30,2.1,0
2024,3,30,6,30,1.8,0
2024,3,30,7,30,1.5,0
2024,3,30,8,30,1.1,0
2024,3,30,9,30,0.6000000000000001,0
2024,3,30,10,30,0.9,0
2024,3,30,11,30,2.4000000000000004,111
2024,3,30,12,30,4.4,316
2024,3,30,13,30,6.2,520
2024,3,30,14,30,8.200000000000001,608
2024,3,30,15,30,9.8,815
2024,3,30,16,30,10.9,714
2024,3,30,17,30,11.3,666
2024,3,30,18,30,11,646
2024,3,30,19,30,10.600000000000001,542
2024,3,30,20,30,9.9,379
2024,3,30,21,30,9,131
2024,3,30,22,30,8.1,36
2024,3,30,23,30,7.5,0
2024,3,31,0,30,7.2,0
2024,3,31,1,30,7,0
2024,3,31,2,30,6.800000000000001,0
2024,3,31,3,30,6.4,0
2024,3,31,4,30,6.1000000000000005,0
2024,3,31,5,30,6.2,0
2024,3,31,6,30,6.300000000000001,0
2024,3,31,7,30,5.800000000000001,0
2024,3,31,8,30,4.800000000000001,0
2024,3,31,9,30,3.7,0
2024,3,31,10,30,3.8000000000000003,0
2024,3,31,11,30,5.2,108
2024,3,31,12,30,7,306
2024,3,31,13,30,8.5,504
2024,3,31,14,30,9.8,558
2024,3,31,15,30,11,609
2024,3,31,16,30,12,639
2024,3,31,17,30,12.9,647
2024,3,31,18,30,13.5,675
2024,3,31,19,30,13.5,578
2024,3,31,20,30,12.8,483
2024,3,31,21,30,11.200000000000001,252
2024,3,31,22,30,9.4,39
2024,3,31,23,30,7.9,0
2024,4,1,0,30,6.9,0
2024,4,1,1,30,6.5,0
2024,4,1,2,30,6.4,0
2024,4,1,3,30,6.2,0
2024,4,1,4,30,6.1000000000000005,0
2024,4,1,5,30,5.800000000000001,0
2024,4,1,6,30,5.6000000000000005,0
2024,4,1,7,30,5.300000000000001,0
2024,4,1,8,30,5.300000000000001,0
2024,4,1,9,30,5.5,0
2024,4,1,10,30,5.9,0
2024,4,1,11,30,6.300000000000001,16
2024,4,1,12,30,6.9,18
2024,4,1,13,30,7.6000000000000005,60
2024,4,1,14,30,8.5,64
2024,4,1,15,30,9.600000000000001,104
2024,4,1,16,30,10.9,227
2024,4,1,17,30,11.8,144
2024,4,1,18,30,12.5,82
2024,4,1,19,30,13,126
2024,4,1,20,30,12.9,112
2024,4,1,21,30,12.5,68
2024,4,1,22,30,11.700000000000001,42
2024,4,1,23,30,10.600000000000001,1
2024,4,2,0,30,9.5,0
2024,4,2,1,30,8.3,0
2024,4,2,2,30,7.800000000000001,0
2024,4,2,3,30,7.800000000000001,0
2024,4,2,4,30,7.7,0
2024,4,2,5,30,7.800000000000001,0
2024,4,2,6,30,7.2,0
2024,4,2,7,30,6.300000000000001,0
2024,4,2,8,30,6,0
2024,4,2,9,30,5.9,0
2024,4,2,10,30,6.2,0
2024,4,2,11,30,7,43
2024,4,2,12,30,7.6000000000000005,55
2024,4,2,13,30,8.1,155
2024,4,2,14,30,8.4,84
2024,4,2,15,30,8.3,86
2024,4,2,16,30,8,48
2024,4,2,17,30,7.9,45
2024,4,2,18,30,7.7,41
2024,4,2,19,30,7.2,91
2024,4,2,20,30,6.7,34
2024,4,2,21,30,6.300000000000001,7
2024,4,2,22,30,6.1000000000000005,27
2024,4,2,23,30,5.9,1
2024,4,3,0,30,5.9,0
2024,4,3,1,30,6.1000000000000005,0
2024,4,3,2,30,6.300000000000001,0
2024,4,3,3,30,6.4,0
2024,4,3,4,30,6.4,0
2024,4,3,5,30,6.300000000000001,0
2024,4,3,6,30,6,0
2024,4,3,7,30,5.9,0
2024,4,3,8,30,5.800000000000001,0
2024,4,3,9,30,5.7,0
2024,4,3,10,30,5.7,1
2024,4,3,11,30,5.7,20
2024,4,3,12,30,5.7,13
2024,4,3,13,30,5.7,32
2024,4,3,14,30,5.7,46
2024,4,3,15,30,5.7,45
2024,4,3,16,30,5.7,232
2024,4,3,17,30,5.6000000000000005,164
2024,4,3,18,30,5.6000000000000005,90
2024,4,3,19,30,5.800000000000001,71
2024,4,3,20,30,5.800000000000001,22
2024,4,3,21,30,5.6000000000000005,8
2024,4,3,22,30,5.6000000000000005,24
2024,4,3,23,30,5.5,0
2024,4,4,0,30,5.2,0
2024,4,4,1,30,4.9,0
2024,4,4,2,30,4.7,0
2024,4,4,3,30,4.7,0
2024,4,4,4,30,4.3,0
2024,4,4,5,30,3.6,0
2024,4,4,6,30,3,0
2024,4,4,7,30,2.5,0
2024,4,4,8,30,2.3000000000000003,0
2024,4,4,9,30,2.2,0
2024,4,4,10,30,2.3000000000000003,1
2024,4,4,11,30,3.2,67
2024,4,4,12,30,4.7,329
2024,4,4,13,30,6.2,459
2024,4,4,14,30,7.4,276
2024,4,4,15,30,8.200000000000001,224
2024,4,4,16,30,9,558
2024,4,4,17,30,9.600000000000001,380
2024,4,4,18,30,9.700000000000001,456
2024,4,4,19,30,9.4,533
2024,4,4,20,30,8.8,130
2024,4,4,21,30,7.9,108
2024,4,4,22,30,6.800000000000001,22
2024,4,4,23,30,5.800000000000001,2
2024,4,5,0,30,5.1000000000000005,0
2024,4,5,1,30,4.5,0
2024,4,5,2,30,4,0
2024,4,5,3,30,3.6,0
2024,4,5,4,30,3.2,0
2024,4,5,5,30,2.7,0
2024,4,5,6,30,2.3000000000000003,0
2024,4,5,7,30,2.1,0
2024,4,5,8,30,2.2,0
2024,4,5,9,30,2.2,0
2024,4,5,10,30,2.5,2
2024,4,5,11,30,3.6,60
2024,4,5,12,30,4.9,242
2024,4,5,13,30,6.2,507
2024,4,5,14,30,7.300000000000001,421
2024,4,5,15,30,8.1,507
2024,4,5,16,30,8.5,561
2024,4,5,17,30,8.700000000000001,428
2024,4,5,18,30,8.5,412
2024,4,5,19,30,8.3,535
2024,4,5,20,30,7.9,368
2024,4,5,21,30,7.1000000000000005,142
2024,4,5,22,30,5.800000000000001,137
2024,4,5,23,30,4.6000000000000005,3
2024,4,6,0,30,3.9000000000000004,0
2024,4,6,1,30,3.3000000000000003,0
2024,4,6,2,30,2.9000000000000004,0
2024,4,6,3,30,2.8000000000000003,0
2024,4,6,4,30,2.7,0
2024,4,6,5,30,2.5,0
2024,4,6,6,30,2.4000000000000004,0
2024,4,6,7,30,2.3000000000000003,0
2024,4,6,8,30,2.2,0
2024,4,6,9,30,2.1,0
2024,4,6,10,30,2.6,2
2024,4,6,11,30,4.2,73
2024,4,6,12,30,5.9,184
2024,4,6,13,30,7.1000000000000005,336
2024,4,6,14,30,8,324
2024,4,6,15,30,8.700000000000001,280
2024,4,6,16,30,9.200000000000001,562
2024,4,6,17,30,9.700000000000001,577
2024,4,6,18,30,9.9,457
2024,4,6,19,30,9.9,327
2024,4,6,20,30,9.700000000000001,132
2024,4,6,21,30,9.1,98
2024,4,6,22,30,7.800000000000001,129
2024,4,6,23,30,6.5,0
2024,4,7,0,30,5.6000000000000005,0
2024,4,7,1,30,4.9,0
2024,4,7,2,30,4.2,0
2024,4,7,3,30,3.5,0
2024,4,7,4,30,2.8000000000000003,0
2024,4,7,5,30,2.4000000000000004,0
2024,4,7,6,30,2.2,0
2024,4,7,7,30,2,0
2024,4,7,8,30,1.8,0
2024,4,7,9,30,1.7000000000000002,0
2024,4,7,10,30,2.4000000000000004,5
2024,4,7,11,30,4.5,146
2024,4,7,12,30,6.6000000000000005,326
2024,4,7,13,30,8.1,504
2024,4,7,14,30,9.3,402
2024,4,7,15,30,10.5,827
2024,4,7,16,30,11.600000000000001,896
2024,4,7,17,30,12.4,897
2024,4,7,18,30,12.9,809
2024,4,7,19,30,13,710
2024,4,7,20,30,12.700000000000001,529
2024,4,7,21,30,11.700000000000001,344
2024,4,7,22,30,9.4,142
2024,4,7,23,30,7.1000000000000005,5
2024,4,8,0,30,6.2,0
2024,4,8,1,30,5.800000000000001,0
2024,4,8,2,30,6,0
2024,4,8,3,30,6,0
2024,4,8,4,30,5.1000000000000005,0
2024,4,8,5,30,3.5,0
2024,4,8,6,30,2.1,0
2024,4,8,7,30,1.3,0
2024,4,8,8,30,0.9,0
2024,4,8,9,30,0.7000000000000001,0
2024,4,8,10,30,1.9000000000000001,6
2024,4,8,11,30,4.7,150
2024,4,8,12,30,7.9,358
2024,4,8,13,30,11.600000000000001,560
2024,4,8,14,30,14.3,732
2024,4,8,15,30,15.8,851
2024,4,8,16,30,16.900000000000002,912
2024,4,8,17,30,17.400000000000002,831
2024,4,8,18,30,17.7,780
2024,4,8,19,30,17.7,668
2024,4,8,20,30,17.2,401
2024,4,8,21,30,15.5,134
2024,4,8,22,30,13.100000000000001,44
2024,4,8,23,30,11.5,4
2024,4,9,0,30,10.9,0
2024,4,9,1,30,10.5,0
2024,4,9,2,30,10,0
2024,4,9,3,30,9.4,0
2024,4,9,4,30,8.8,0
2024,4,9,5,30,8,0
2024,4,9,6,30,7.300000000000001,0
2024,4,9,7,30,6.800000000000001,0
2024,4,9,8,30,6.6000000000000005,0
2024,4,9,9,30,6.4,0
2024,4,9,10,30,7.6000000000000005,5
2024,4,9,11,30,10.100000000000001,145
2024,4,9,12,30,12.8,344
2024,4,9,13,30,15.8,513
2024,4,9,14,30,18.6,669
2024,4,9,15,30,20.5,742
2024,4,9,16,30,21.700000000000003,749
2024,4,9,17,30,22.400000000000002,799
2024,4,9,18,30,22.8,691
2024,4,9,19,30,22.900000000000002,685
2024,4,9,20,30,22.6,523
2024,4,9,21,30,20.5,305
2024,4,9,22,30,16.6,118
2024,4,9,23,30,13.9,5
2024,4,10,0,30,12.9,0
2024,4,10,1,30,12.100000000000001,0
2024,4,10,2,30,11.4,0
2024,4,10,3,30,10.700000000000001,0
2024,4,10,4,30,10,0
2024,4,10,5,30,9.8,0
2024,4,10,6,30,9.700000000000001,0
2024,4,10,7,30,9.3,0
2024,4,10,8,30,8.9,0
2024,4,10,9,30,8.4,0
2024,4,10,10,30,8.4,5
2024,4,10,11,30,9.200000000000001,104
2024,4,10,12,30,10.9,256
2024,4,10,13,30,12.9,317
2024,4,10,14,30,14.700000000000001,430
2024,4,10,15,30,16.1,431
2024,4,10,16,30,17,365
2024,4,10,17,30,17.1,613
2024,4,10,18,30,16.3,449
2024,4,10,19,30,15.4,273
2024,4,10,20,30,14.5,353
2024,4,10,21,30,13.5,152
2024,4,10,22,30,12.100000000000001,48
2024,4,10,23,30,10.9,4
2024,4,11,0,30,10.3,0
2024,4,11,1,30,9.9,0
2024,4,11,2,30,9.700000000000001,0
2024,4,11,3,30,9.5,0
2024,4,11,4,30,9.3,0
2024,4,11,5,30,9,0
2024,4,11,6,30,8.700000000000001,0
2024,4,11,7,30,8.6,0
2024,4,11,8,30,8.5,0
2024,4,11,9,30,8.5,0
2024,4,11,10,30,8.5,6
2024,4,11,11,30,8.9,16
2024,4,11,12,30,10.100000000000001,48
2024,4,11,13,30,11.700000000000001,120
2024,4,11,14,30,13.4,350
2024,4,11,15,30,15.100000000000001,338
2024,4,11,16,30,16.6,398
2024,4,11,17,30,17.5,387
2024,4,11,18,30,17.3,313
2024,4,11,19,30,16.2,333
2024,4,11,20,30,15,94
2024,4,11,21,30,14.100000000000001,19
2024,4,11,22,30,13.5,17
2024,4,11,23,30,13,5
2024,4,12,0,30,13,0
2024,4,12,1,30,13.3,0
2024,4,12,2,30,13.600000000000001,0
2024,4,12,3,30,13.600000000000001,0
2024,4,12,4,30,13.3,0
2024,4,12,5,30,13.3,0
2024,4,12,6,30,13.5,0
2024,4,12,7,30,13.8,0
2024,4,12,8,30,13.9,0
2024,4,12,9,30,13.700000000000001,0
2024,4,12,10,30,13.8,10
2024,4,12,11,30,14.600000000000001,146
2024,4,12,12,30,15.8,137
2024,4,12,13,30,16.7,133
2024,4,12,14,30,17,66
2024,4,12,15,30,16.400000000000002,281
2024,4,12,16,30,15,116
2024,4,12,17,30,14.600000000000001,529
2024,4,12,18,30,15,362
2024,4,12,19,30,14.9,202
2024,4,12,20,30,14.9,113
2024,4,12,21,30,14.3,304
2024,4,12,22,30,13.3,145
2024,4,12,23,30,12.5,3
2024,4,13,0,30,12.4,0
2024,4,13,1,30,12.100000000000001,0
2024,4,13,2,30,11.5,0
2024,4,13,3,30,10.9,0
2024,4,13,4,30,10.600000000000001,0
2024,4,13,5,30,10.200000000000001,0
2024,4,13,6,30,9.600000000000001,0
2024,4,13,7,30,8.700000000000001,0
2024,4,13,8,30,8,0
2024,4,13,9,30,7.5,0
2024,4,13,10,30,7.4,13
2024,4,13,11,30,7.7,71
2024,4,13,12,30,8.6,96
2024,4,13,13,30,9.600000000000001,173
2024,4,13,14,30,10.200000000000001,143
2024,4,13,15,30,10.600000000000001,66
2024,4,13,16,30,10.600000000000001,156
2024,4,13,17,30,10.3,240
2024,4,13,18,30,10.200000000000001,372
2024,4,13,19,30,10.4,393
2024,4,13,20,30,10.8,294
2024,4,13,21,30,10.8,212
2024,4,13,22,30,10,142
2024,4,13,23,30,8.9,9
2024,4,14,0,30,8.1,0
2024,4,14,1,30,7.5,0
2024,4,14,2,30,6.9,0
2024,4,14,3,30,6.4,0
2024,4,14,4,30,5.9,0
2024,4,14,5,30,5.300000000000001,0
2024,4,14,6,30,4.6000000000000005,0
2024,4,14,7,30,4,0
2024,4,14,8,30,3.8000000000000003,0
2024,4,14,9,30,4.1000000000000005,0
2024,4,14,10,30,5.5,14
2024,4,14,11,30,7.9,159
2024,4,14,12,30,10.5,342
2024,4,14,13,30,13,558
2024,4,14,14,30,15.100000000000001,670
2024,4,14,15,30,16.5,805
2024,4,14,16,30,17.3,628
2024,4,14,17,30,17.900000000000002,504
2024,4,14,18,30,18.3,739
2024,4,14,19,30,18.400000000000002,697
2024,4,14,20,30,18,530
2024,4,14,21,30,17.1,336
2024,4,14,22,30,15.700000000000001,143
2024,4,14,23,30,14.700000000000001,8
2024,4,15,0,30,14.5,0
2024,4,15,1,30,14.4,0
2024,4,15,2,30,13.600000000000001,0
2024,4,15,3,30,13.700000000000001,0
2024,4,15,4,30,14.700000000000001,0
2024,4,15,5,30,14.200000000000001,0
2024,4,15,6,30,13.4,0
2024,4,15,7,30,12.9,0
2024,4,15,8,30,12.3,0
2024,4,15,9,30,11.9,0
2024,4,15,10,30,12.9,13
2024,4,15,11,30,15.100000000000001,155
2024,4,15,12,30,17,371
2024,4,15,13,30,18.7,570
2024,4,15,14,30,19.900000000000002,734
2024,4,15,15,30,21,846
2024,4,15,16,30,22.200000000000003,898
2024,4,15,17,30,23.1,889
2024,4,15,18,30,23.5,818
2024,4,15,19,30,23.3,694
2024,4,15,20,30,22.5,516
2024,4,15,21,30,21,279
2024,4,15,22,30,19,143
2024,4,15,23,30,17.5,9
2024,4,16,0,30,16.7,0
2024,4,16,1,30,15.4,0
2024,4,16,2,30,13.8,0
2024,4,16,3,30,12.4,0
2024,4,16,4,30,11,0
2024,4,16,5,30,9.600000000000001,0
2024,4,16,6,30,8.700000000000001,0
2024,4,16,7,30,8.1,0
2024,4,16,8,30,7.5,0
2024,4,16,9,30,6.9,0
2024,4,16,10,30,7.7,23
2024,4,16,11,30,10.100000000000001,194
2024,4,16,12,30,12.600000000000001,405
2024,4,16,13,30,14.4,605
2024,4,16,14,30,15.5,769
2024,4,16,15,30,16.400000000000002,886
2024,4,16,16,30,17.3,941
2024,4,16,17,30,17.900000000000002,931
2024,4,16,18,30,18.3,858
2024,4,16,19,30,18.6,731
2024,4,16,20,30,18.6,560
2024,4,16,21,30,17.5,362
2024,4,16,22,30,16.2,150
2024,4,16,23,30,15.200000000000001,13
2024,4,17,0,30,13.200000000000001,0
2024,4,17,1,30,10.9,0
2024,4,17,2,30,9.700000000000001,0
2024,4,17,3,30,9.5,0
2024,4,17,4,30,9.8,0
2024,4,17,5,30,10,0
2024,4,17,6,30,10,0
2024,4,17,7,30,9.700000000000001,0
2024,4,17,8,30,9.1,0
2024,4,17,9,30,8.6,0
2024,4,17,10,30,9,17
2024,4,17,11,30,10.4,130
2024,4,17,12,30,11.8,313
2024,4,17,13,30,13,410
2024,4,17,14,30,13.700000000000001,541
2024,4,17,15,30,14,478
2024,4,17,16,30,14,405
2024,4,17,17,30,13.8,136
2024,4,17,18,30,13.700000000000001,151
2024,4,17,19,30,13.600000000000001,143
2024,4,17,20,30,12.9,142
2024,4,17,21,30,11.700000000000001,58
2024,4,17,22,30,10.4,28
2024,4,17,23,30,9.700000000000001,9
2024,4,18,0,30,9.4,0
2024,4,18,1,30,9.200000000000001,0
2024,4,18,2,30,9,0
2024,4,18,3,30,9,0
2024,4,18,4,30,8.9,0
2024,4,18,5,30,8.8,0
2024,4,18,6,30,8.700000000000001,0
2024,4,18,7,30,8.700000000000001,0
2024,4,18,8,30,8.6,0
2024,4,18,9,30,8.6,0
2024,4,18,10,30,8.5,4
2024,4,18,11,30,8.700000000000001,62
2024,4,18,12,30,8.8,84
2024,4,18,13,30,8.9,201
2024,4,18,14,30,9.1,177
2024,4,18,15,30,9.4,168
2024,4,18,16,30,9.600000000000001,299
2024,4,18,17,30,9.600000000000001,141
2024,4,18,18,30,9.600000000000001,156
2024,4,18,19,30,9.5,380
2024,4,18,20,30,9.3,423
2024,4,18,21,30,8.9,149
2024,4,18,22,30,8.200000000000001,130
2024,4,18,23,30,7.5,13
2024,4,19,0,30,6.9,0
2024,4,19,1,30,6.5,0
2024,4,19,2,30,6.2,0
2024,4,19,3,30,5.7,0
2024,4,19,4,30,5.300000000000001,0
2024,4,19,5,30,5.1000000000000005,0
2024,4,19,6,30,4.9,0
2024,4,19,7,30,4.7,0
2024,4,19,8,30,4.4,0
2024,4,19,9,30,4.3,0
2024,4,19,10,30,5.7,24
2024,4,19,11,30,7.9,187
2024,4,19,12,30,9.700000000000001,275
2024,4,19,13,30,11.100000000000001,294
2024,4,19,14,30,12.200000000000001,404
2024,4,19,15,30,12.8,531
2024,4,19,16,30,13,641
2024,4,19,17,30,13.200000000000001,501
2024,4,19,18,30,13.4,412
2024,4,19,19,30,13.200000000000001,357
2024,4,19,20,30,12.600000000000001,314
2024,4,19,21,30,11.600000000000001,57
2024,4,19,22,30,10.3,27
2024,4,19,23,30,9,10
2024,4,20,0,30,8.5,0
2024,4,20,1,30,8.4,0
2024,4,20,2,30,8.3,0
2024,4,20,3,30,8.3,0
2024,4,20,4,30,8.3,0
2024,4,20,5,30,8.200000000000001,0
2024,4,20,6,30,8.1,0
2024,4,20,7,30,8.200000000000001,0
2024,4,20,8,30,8.4,0
2024,4,20,9,30,8.5,0
2024,4,20,10,30,8.700000000000001,21
2024,4,20,11,30,9.3,56
2024,4,20,12,30,10.3,63
2024,4,20,13,30,11.8,107
2024,4,20,14,30,13.9,245
2024,4,20,15,30,15.9,759
2024,4,20,16,30,17.1,801
2024,4,20,17,30,17.6,629
2024,4,20,18,30,17.6,845
2024,4,20,19,30,17.400000000000002,723
2024,4,20,20,30,16.900000000000002,575
2024,4,20,21,30,15.9,377
2024,4,20,22,30,14,167
2024,4,20,23,30,12.100000000000001,17
2024,4,21,0,30,10.5,0
2024,4,21,1,30,8.9,0
2024,4,21,2,30,7.300000000000001,0
2024,4,21,3,30,6,0
2024,4,21,4,30,4.9,0
2024,4,21,5,30,4,0
2024,4,21,6,30,3.2,0
2024,4,21,7,30,2.7,0
2024,4,21,8,30,2.3000000000000003,0
2024,4,21,9,30,2.4000000000000004,0
2024,4,21,10,30,3.6,26
2024,4,21,11,30,5.800000000000001,195
2024,4,21,12,30,7.800000000000001,348
2024,4,21,13,30,8.700000000000001,384
2024,4,21,14,30,8.8,330
2024,4,21,15,30,8.9,384
2024,4,21,16,30,9,477
2024,4,21,17,30,8.9,446
2024,4,21,18,30,8.700000000000001,519
2024,4,21,19,30,8.6,414
2024,4,21,20,30,8.5,335
2024,4,21,21,30,8.1,177
2024,4,21,22,30,6.9,91
2024,4,21,23,30,5.800000000000001,20
2024,4,22,0,30,5.4,0
2024,4,22,1,30,5.2,0
2024,4,22,2,30,5,0
2024,4,22,3,30,4.7,0
2024,4,22,4,30,4,0
2024,4,22,5,30,3.6,0
2024,4,22,6,30,3.2,0
2024,4,22,7,30,2.6,0
2024,4,22,8,30,2,0
2024,4,22,9,30,1.5,0
2024,4,22,10,30,2.5,37
2024,4,22,11,30,5.1000000000000005,217
2024,4,22,12,30,7.800000000000001,427
2024,4,22,13,30,9.700000000000001,624
2024,4,22,14,30,11.100000000000001,788
2024,4,22,15,30,12.4,902
2024,4,22,16,30,13.600000000000001,956
2024,4,22,17,30,14.5,949
2024,4,22,18,30,15.100000000000001,880
2024,4,22,19,30,15.3,757
2024,4,22,20,30,15.100000000000001,585
2024,4,22,21,30,14.5,387
2024,4,22,22,30,13,182
2024,4,22,23,30,11.4,21
2024,4,23,0,30,10,0
2024,4,23,1,30,8.1,0
2024,4,23,2,30,6.300000000000001,0
2024,4,23,3,30,5.2,0
2024,4,23,4,30,4.5,0
2024,4,23,5,30,4.1000000000000005,0
2024,4,23,6,30,4.2,0
2024,4,23,7,30,4.6000000000000005,0
2024,4,23,8,30,4.4,0
2024,4,23,9,30,4.1000000000000005,0
2024,4,23,10,30,4.800000000000001,39
2024,4,23,11,30,6.800000000000001,214
2024,4,23,12,30,9.8,422
2024,4,23,13,30,12.8,615
2024,4,23,14,30,14.8,778
2024,4,23,15,30,15.8,890
2024,4,23,16,30,16.400000000000002,944
2024,4,23,17,30,16.6,937
2024,4,23,18,30,16.5,868
2024,4,23,19,30,16.2,743
2024,4,23,20,30,15.4,485
2024,4,23,21,30,14.100000000000001,344
2024,4,23,22,30,12,178
2024,4,23,23,30,9.8,19
2024,4,24,0,30,8.200000000000001,0
2024,4,24,1,30,7.5,0
2024,4,24,2,30,7.300000000000001,0
2024,4,24,3,30,7.5,0
2024,4,24,4,30,7.7,0
2024,4,24,5,30,7.800000000000001,0
2024,4,24,6,30,7.800000000000001,0
2024,4,24,7,30,7.9,0
2024,4,24,8,30,8.1,0
2024,4,24,9,30,8.3,0
2024,4,24,10,30,9,35
2024,4,24,11,30,10.3,44
2024,4,24,12,30,12.4,94
2024,4,24,13,30,14.8,481
2024,4,24,14,30,16.5,579
2024,4,24,15,30,17.5,852
2024,4,24,16,30,18.400000000000002,898
2024,4,24,17,30,18.900000000000002,693
2024,4,24,18,30,19.200000000000003,813
2024,4,24,19,30,19,709
2024,4,24,20,30,18.2,515
2024,4,24,21,30,16.900000000000002,257
2024,4,24,22,30,15.3,64
2024,4,24,23,30,13.9,13
2024,4,25,0,30,12.4,0
2024,4,25,1,30,10.700000000000001,0
2024,4,25,2,30,9.200000000000001,0
2024,4,25,3,30,8,0
2024,4,25,4,30,7.2,0
2024,4,25,5,30,6.5,0
2024,4,25,6,30,5.9,0
2024,4,25,7,30,5.2,0
2024,4,25,8,30,4.5,0
2024,4,25,9,30,3.8000000000000003,0
2024,4,25,10,30,4,46
2024,4,25,11,30,5,125
2024,4,25,12,30,6.4,382
2024,4,25,13,30,8,517
2024,4,25,14,30,9.600000000000001,693
2024,4,25,15,30,10.9,708
2024,4,25,16,30,11.9,959
2024,4,25,17,30,12.700000000000001,952
2024,4,25,18,30,13.100000000000001,883
2024,4,25,19,30,13,755
2024,4,25,20,30,12.4,591
2024,4,25,21,30,11.100000000000001,394
2024,4,25,22,30,9,190
2024,4,25,23,30,7.1000000000000005,25
2024,4,26,0,30,6,0
2024,4,26,1,30,5.2,0
2024,4,26,2,30,4.2,0
2024,4,26,3,30,3.7,0
2024,4,26,4,30,4,0
2024,4,26,5,30,4.4,0
2024,4,26,6,30,4.1000000000000005,0
2024,4,26,7,30,3.4000000000000004,0
2024,4,26,8,30,2.8000000000000003,0
2024,4,26,9,30,2.7,0
2024,4,26,10,30,4.3,47
2024,4,26,11,30,6.9,224
2024,4,26,12,30,9.3,430
2024,4,26,13,30,11.4,623
2024,4,26,14,30,13,783
2024,4,26,15,30,14.100000000000001,897
2024,4,26,16,30,14.700000000000001,950
2024,4,26,17,30,14.9,943
2024,4,26,18,30,14.700000000000001,876
2024,4,26,19,30,14.3,745
2024,4,26,20,30,13.700000000000001,585
2024,4,26,21,30,12.600000000000001,389
2024,4,26,22,30,10.700000000000001,188
2024,4,26,23,30,8.6,27
2024,4,27,0,30,7.2,0
2024,4,27,1,30,6.2,0
2024,4,27,2,30,5.4,0
2024,4,27,3,30,4.7,0
2024,4,27,4,30,4.1000000000000005,0
2024,4,27,5,30,3.7,0
2024,4,27,6,30,3.4000000000000004,0
2024,4,27,7,30,3.5,0
2024,4,27,8,30,3.8000000000000003,0
2024,4,27,9,30,4.1000000000000005,0
2024,4,27,10,30,5.5,50
2024,4,27,11,30,7.7,228
2024,4,27,12,30,9.5,416
2024,4,27,13,30,11.200000000000001,619
2024,4,27,14,30,12.5,666
2024,4,27,15,30,13.5,642
2024,4,27,16,30,14.100000000000001,622
2024,4,27,17,30,14.3,548
2024,4,27,18,30,14,318
2024,4,27,19,30,13.200000000000001,196
2024,4,27,20,30,12.200000000000001,168
2024,4,27,21,30,11.200000000000001,43
2024,4,27,22,30,10.3,63
2024,4,27,23,30,9.5,4
2024,4,28,0,30,9,0
2024,4,28,1,30,8.700000000000001,0
2024,4,28,2,30,8.700000000000001,0
2024,4,28,3,30,8.700000000000001,0
2024,4,28,4,30,8.8,0
2024,4,28,5,30,8.9,0
2024,4,28,6,30,8.8,0
2024,4,28,7,30,8.6,0
2024,4,28,8,30,8.6,0
2024,4,28,9,30,8.9,0
2024,4,28,10,30,9.700000000000001,44
2024,4,28,11,30,10.8,149
2024,4,28,12,30,12,361
2024,4,28,13,30,13.700000000000001,397
2024,4,28,14,30,16,620
2024,4,28,15,30,18.5,715
2024,4,28,16,30,20.8,891
2024,4,28,17,30,22.200000000000003,800
2024,4,28,18,30,22.400000000000002,807
2024,4,28,19,30,21.5,689
2024,4,28,20,30,20.400000000000002,486
2024,4,28,21,30,19.6,353
2024,4,28,22,30,18.400000000000002,165
2024,4,28,23,30,17,25
2024,4,29,0,30,16.400000000000002,0
2024,4,29,1,30,16.3,0
2024,4,29,2,30,15.8,0
2024,4,29,3,30,15.200000000000001,0
2024,4,29,4,30,15,0
2024,4,29,5,30,14.9,0
2024,4,29,6,30,14.4,0
2024,4,29,7,30,14,0
2024,4,29,8,30,13.8,0
2024,4,29,9,30,14.100000000000001,0
2024,4,29,10,30,15.600000000000001,47
2024,4,29,11,30,17.7,210
2024,4,29,12,30,20.3,402
2024,4,29,13,30,23.200000000000003,583
2024,4,29,14,30,25.3,737
2024,4,29,15,30,26.700000000000003,848
2024,4,29,16,30,27.5,899
2024,4,29,17,30,27.6,888
2024,4,29,18,30,27.400000000000002,809
2024,4,29,19,30,27.1,609
2024,4,29,20,30,26.200000000000003,329
2024,4,29,21,30,24.400000000000002,344
2024,4,29,22,30,21.6,173
2024,4,29,23,30,19.1,27
2024,4,30,0,30,17.7,0
2024,4,30,1,30,16.6,0
2024,4,30,2,30,15.700000000000001,0
2024,4,30,3,30,14.8,0
2024,4,30,4,30,14,0
2024,4,30,5,30,13.4,0
2024,4,30,6,30,12.700000000000001,0
2024,4,30,7,30,12.100000000000001,0
2024,4,30,8,30,11.4,0
2024,4,30,9,30,11,0
2024,4,30,10,30,11.600000000000001,43
2024,4,30,11,30,13.200000000000001,58
2024,4,30,12,30,15.100000000000001,167
2024,4,30,13,30,16.8,102
2024,4,30,14,30,18,251
2024,4,30,15,30,18.7,325
2024,4,30,16,30,19.3,527
2024,4,30,17,30,19.8,723
2024,4,30,18,30,19.900000000000002,575
2024,4,30,19,30,19.5,508
2024,4,30,20,30,18.7,485
2024,4,30,21,30,17.5,363
2024,4,30,22,30,15.700000000000001,145
2024,4,30,23,30,14,28
2024,5,1,0,30,12.8,0
2024,5,1,1,30,12.100000000000001,0
2024,5,1,2,30,11.700000000000001,0
2024,5,1,3,30,11.4,0
2024,5,1,4,30,11.3,0
2024,5,1,5,30,11.100000000000001,0
2024,5,1,6,30,11.100000000000001,0
2024,5,1,7,30,11.200000000000001,0
2024,5,1,8,30,11.5,0
2024,5,1,9,30,11.700000000000001,0
2024,5,1,10,30,12.600000000000001,49
2024,5,1,11,30,14.9,217
2024,5,1,12,30,17.5,360
2024,5,1,13,30,19.8,596
2024,5,1,14,30,21.8,768
2024,5,1,15,30,23.1,882
2024,5,1,16,30,23.8,931
2024,5,1,17,30,23.900000000000002,909
2024,5,1,18,30,23.5,844
2024,5,1,19,30,23.200000000000003,639
2024,5,1,20,30,22.6,519
2024,5,1,21,30,21.8,271
2024,5,1,22,30,19.5,193
2024,5,1,23,30,16.5,35
2024,5,2,0,30,14.700000000000001,0
2024,5,2,1,30,13.600000000000001,0
2024,5,2,2,30,12.700000000000001,0
2024,5,2,3,30,12.100000000000001,0
2024,5,2,4,30,11.600000000000001,0
2024,5,2,5,30,11.100000000000001,0
2024,5,2,6,30,10.700000000000001,0
2024,5,2,7,30,10.3,0
2024,5,2,8,30,10,0
2024,5,2,9,30,10.100000000000001,0
2024,5,2,10,30,11.3,59
2024,5,2,11,30,13.600000000000001,230
2024,5,2,12,30,16.1,204
2024,5,2,13,30,18.5,267
2024,5,2,14,30,20.8,575
2024,5,2,15,30,22.700000000000003,871
2024,5,2,16,30,24.1,928
2024,5,2,17,30,24.900000000000002,875
2024,5,2,18,30,25.400000000000002,855
2024,5,2,19,30,25.5,739
2024,5,2,20,30,25,581
2024,5,2,21,30,23.5,396
2024,5,2,22,30,21.200000000000003,202
2024,5,2,23,30,19,39
2024,5,3,0,30,17.5,0
2024,5,3,1,30,16.3,0
2024,5,3,2,30,15.200000000000001,0
2024,5,3,3,30,14.5,0
2024,5,3,4,30,13.9,0
2024,5,3,5,30,13.5,0
2024,5,3,6,30,12.9,0
2024,5,3,7,30,12.4,0
2024,5,3,8,30,11.9,0
2024,5,3,9,30,11.3,0
2024,5,3,10,30,11.4,61
2024,5,3,11,30,12.3,191
2024,5,3,12,30,13.600000000000001,260
2024,5,3,13,30,14.9,289
2024,5,3,14,30,15.9,483
2024,5,3,15,30,16.5,506
2024,5,3,16,30,16.5,544
2024,5,3,17,30,15.8,641
2024,5,3,18,30,14.8,670
2024,5,3,19,30,13.8,647
2024,5,3,20,30,13.100000000000001,427
2024,5,3,21,30,12.5,268
2024,5,3,22,30,11.600000000000001,153
2024,5,3,23,30,10.3,34
2024,5,4,0,30,9.4,0
2024,5,4,1,30,9,0
2024,5,4,2,30,8.6,0
2024,5,4,3,30,8.3,0
2024,5,4,4,30,8.200000000000001,0
2024,5,4,5,30,8.1,0
2024,5,4,6,30,7.9,0
2024,5,4,7,30,7.800000000000001,0
2024,5,4,8,30,7.7,0
2024,5,4,9,30,7.9,0
2024,5,4,10,30,9.3,60
2024,5,4,11,30,11.100000000000001,217
2024,5,4,12,30,12.600000000000001,300
2024,5,4,13,30,14.100000000000001,179
2024,5,4,14,30,15.100000000000001,280
2024,5,4,15,30,15.4,459
2024,5,4,16,30,15.200000000000001,235
2024,5,4,17,30,14.600000000000001,227
2024,5,4,18,30,13.8,166
2024,5,4,19,30,12.9,173
2024,5,4,20,30,12,142
2024,5,4,21,30,11.200000000000001,82
2024,5,4,22,30,10.5,42
2024,5,4,23,30,9.9,36
2024,5,5,0,30,9.600000000000001,0
2024,5,5,1,30,9.4,0
2024,5,5,2,30,9.3,0
2024,5,5,3,30,9.1,0
2024,5,5,4,30,9.1,0
2024,5,5,5,30,9,0
2024,5,5,6,30,9,0
2024,5,5,7,30,9,0
2024,5,5,8,30,9,0
2024,5,5,9,30,9.1,0
2024,5,5,10,30,9.4,41
2024,5,5,11,30,9.8,15
2024,5,5,12,30,10.200000000000001,36
2024,5,5,13,30,10.600000000000001,101
2024,5,5,14,30,11,73
2024,5,5,15,30,11.3,112
2024,5,5,16,30,11.600000000000001,111
2024,5,5,17,30,11.8,97
2024,5,5,18,30,12,133
2024,5,5,19,30,12.200000000000001,168
2024,5,5,20,30,12.200000000000001,120
2024,5,5,21,30,12.100000000000001,18
2024,5,5,22,30,11.8,36
2024,5,5,23,30,11.5,40
2024,5,6,0,30,11.4,0
2024,5,6,1,30,11.3,0
2024,5,6,2,30,11.3,0
2024,5,6,3,30,11.3,0
2024,5,6,4,30,11.3,0
2024,5,6,5,30,11.200000000000001,0
2024,5,6,6,30,11.100000000000001,0
2024,5,6,7,30,10.8,0
2024,5,6,8,30,10.700000000000001,0
2024,5,6,9,30,11,0
2024,5,6,10,30,11.9,34
2024,5,6,11,30,13.4,83
2024,5,6,12,30,15.600000000000001,88
2024,5,6,13,30,18.5,278
2024,5,6,14,30,21,332
2024,5,6,15,30,22,609
2024,5,6,16,30,22.200000000000003,529
2024,5,6,17,30,22.200000000000003,584
2024,5,6,18,30,22.200000000000003,589
2024,5,6,19,30,22.1,372
2024,5,6,20,30,21.8,223
2024,5,6,21,30,21.1,64
2024,5,6,22,30,19.700000000000003,50
2024,5,6,23,30,18.2,35
2024,5,7,0,30,17.400000000000002,0
2024,5,7,1,30,17,0
2024,5,7,2,30,16.5,0
2024,5,7,3,30,16.1,0
2024,5,7,4,30,15.700000000000001,0
2024,5,7,5,30,15.3,0
2024,5,7,6,30,14.9,0
2024,5,7,7,30,14.200000000000001,0
2024,5,7,8,30,13.100000000000001,0
2024,5,7,9,30,12.5,0
2024,5,7,10,30,13,74
2024,5,7,11,30,14.8,257
2024,5,7,12,30,17.400000000000002,460
2024,5,7,13,30,19.700000000000003,645
2024,5,7,14,30,21.400000000000002,799
2024,5,7,15,30,22.8,885
2024,5,7,16,30,24.1,670
2024,5,7,17,30,25,810
2024,5,7,18,30,25.5,880
2024,5,7,19,30,26,759
2024,5,7,20,30,26.200000000000003,596
2024,5,7,21,30,24.900000000000002,405
2024,5,7,22,30,22,208
2024,5,7,23,30,18.900000000000002,32
2024,5,8,0,30,17.6,0
2024,5,8,1,30,17.3,0
2024,5,8,2,30,17.1,0
2024,5,8,3,30,16.7,0
2024,5,8,4,30,16.5,0
2024,5,8,5,30,16.6,0
2024,5,8,6,30,16.5,0
2024,5,8,7,30,16.2,0
2024,5,8,8,30,15.700000000000001,0
2024,5,8,9,30,15.5,0
2024,5,8,10,30,15.8,27
2024,5,8,11,30,16.7,21
2024,5,8,12,30,18.1,148
2024,5,8,13,30,19.900000000000002,390
2024,5,8,14,30,21.8,579
2024,5,8,15,30,23.3,655
2024,5,8,16,30,24.8,695
2024,5,8,17,30,25.900000000000002,795
2024,5,8,18,30,26.3,865
2024,5,8,19,30,26.200000000000003,747
2024,5,8,20,30,25.6,510
2024,5,8,21,30,24.3,336
2024,5,8,22,30,22.400000000000002,205
2024,5,8,23,30,20.5,5
2024,5,9,0,30,19.200000000000003,0
2024,5,9,1,30,18.2,0
2024,5,9,2,30,17.400000000000002,0
2024,5,9,3,30,16.7,0
2024,5,9,4,30,16.1,0
2024,5,9,5,30,15.700000000000001,0
2024,5,9,6,30,15.200000000000001,0
2024,5,9,7,30,14.8,0
2024,5,9,8,30,14.200000000000001,0
2024,5,9,9,30,13.8,0
2024,5,9,10,30,14.200000000000001,58
2024,5,9,11,30,15.3,149
2024,5,9,12,30,16.6,344
2024,5,9,13,30,18.1,425
2024,5,9,14,30,19.400000000000002,406
2024,5,9,15,30,20.3,539
2024,5,9,16,30,20.900000000000002,501
2024,5,9,17,30,21.200000000000003,604
2024,5,9,18,30,21.1,411
2024,5,9,19,30,20.700000000000003,439
2024,5,9,20,30,19.8,204
2024,5,9,21,30,18.7,101
2024,5,9,22,30,17.2,46
2024,5,9,23,30,15.600000000000001,41
2024,5,10,0,30,14.5,0
2024,5,10,1,30,13.8,0
2024,5,10,2,30,13.4,0
2024,5,10,3,30,13,0
2024,5,10,4,30,12.5,0
2024,5,10,5,30,11.700000000000001,0
2024,5,10,6,30,10.9,0
2024,5,10,7,30,10.3,0
2024,5,10,8,30,9.8,0
2024,5,10,9,30,9.600000000000001,0
2024,5,10,10,30,9.700000000000001,33
2024,5,10,11,30,10,16
2024,5,10,12,30,10.3,36
2024,5,10,13,30,10.700000000000001,53
2024,5,10,14,30,11.200000000000001,164
2024,5,10,15,30,11.700000000000001,94
2024,5,10,16,30,12.200000000000001,140
2024,5,10,17,30,12.600000000000001,118
2024,5,10,18,30,12.700000000000001,101
2024,5,10,19,30,12.700000000000001,80
2024,5,10,20,30,12.4,63
2024,5,10,21,30,11.8,86
2024,5,10,22,30,11,34
2024,5,10,23,30,10.200000000000001,34
2024,5,11,0,30,9.700000000000001,0
2024,5,11,1,30,9.5,0
2024,5,11,2,30,9.200000000000001,0
2024,5,11,3,30,9,0
2024,5,11,4,30,8.9,0
2024,5,11,5,30,8.5,0
2024,5,11,6,30,7.9,0
2024,5,11,7,30,7.2,0
2024,5,11,8,30,6.800000000000001,0
2024,5,11,9,30,7.300000000000001,0
2024,5,11,10,30,9.1,85
2024,5,11,11,30,11.100000000000001,268
2024,5,11,12,30,12.8,470
2024,5,11,13,30,14.100000000000001,649
2024,5,11,14,30,15.100000000000001,734
2024,5,11,15,30,15.8,789
2024,5,11,16,30,16.1,970
2024,5,11,17,30,15.9,958
2024,5,11,18,30,15.4,880
2024,5,11,19,30,14.600000000000001,633
2024,5,11,20,30,13.8,475
2024,5,11,21,30,12.8,290
2024,5,11,22,30,11.600000000000001,209
2024,5,11,23,30,10.5,25
2024,5,12,0,30,9.700000000000001,0
2024,5,12,1,30,9.3,0
2024,5,12,2,30,9,0
2024,5,12,3,30,8.8,0
2024,5,12,4,30,8.700000000000001,0
2024,5,12,5,30,8.6,0
2024,5,12,6,30,8.5,0
2024,5,12,7,30,8.4,0
2024,5,12,8,30,8.3,0
2024,5,12,9,30,8.3,0
2024,5,12,10,30,8,64
2024,5,12,11,30,7.6000000000000005,35
2024,5,12,12,30,7.6000000000000005,178
2024,5,12,13,30,8.3,174
2024,5,12,14,30,9.3,167
2024,5,12,15,30,10.200000000000001,113
2024,5,12,16,30,10.8,119
2024,5,12,17,30,11.3,355
2024,5,12,18,30,11.8,280
2024,5,12,19,30,12.100000000000001,309
2024,5,12,20,30,12.3,391
2024,5,12,21,30,12.200000000000001,214
2024,5,12,22,30,11.5,51
2024,5,12,23,30,10.200000000000001,48
2024,5,13,0,30,9.4,0
2024,5,13,1,30,9.1,0
2024,5,13,2,30,8.8,0
2024,5,13,3,30,8.700000000000001,0
2024,5,13,4,30,8.6,0
2024,5,13,5,30,8.3,0
2024,5,13,6,30,7.7,0
2024,5,13,7,30,7.1000000000000005,0
2024,5,13,8,30,7.1000000000000005,0
2024,5,13,9,30,7.5,0
2024,5,13,10,30,8.4,80
2024,5,13,11,30,10.100000000000001,186
2024,5,13,12,30,12.600000000000001,139
2024,5,13,13,30,14.9,230
2024,5,13,14,30,16.6,283
2024,5,13,15,30,17.900000000000002,390
2024,5,13,16,30,18.900000000000002,306
2024,5,13,17,30,19.6,816
2024,5,13,18,30,19.900000000000002,834
2024,5,13,19,30,19.900000000000002,442
2024,5,13,20,30,19.5,111
2024,5,13,21,30,18.8,295
2024,5,13,22,30,17.400000000000002,98
2024,5,13,23,30,15.600000000000001,56
2024,5,14,0,30,14.200000000000001,0
2024,5,14,1,30,13.3,0
2024,5,14,2,30,12.5,0
2024,5,14,3,30,11.700000000000001,0
2024,5,14,4,30,11.100000000000001,0
2024,5,14,5,30,10.700000000000001,0
2024,5,14,6,30,10.600000000000001,0
2024,5,14,7,30,10.5,0
2024,5,14,8,30,10.3,0
2024,5,14,9,30,10.700000000000001,0
2024,5,14,10,30,12.200000000000001,90
2024,5,14,11,30,14.4,239
2024,5,14,12,30,16.8,464
2024,5,14,13,30,18.900000000000002,572
2024,5,14,14,30,20.6,555
2024,5,14,15,30,21.5,402
2024,5,14,16,30,21.6,633
2024,5,14,17,30,21.400000000000002,241
2024,5,14,18,30,21.200000000000003,279
2024,5,14,19,30,20.700000000000003,237
2024,5,14,20,30,19.8,183
2024,5,14,21,30,18.7,88
2024,5,14,22,30,17.5,27
2024,5,14,23,30,16.5,56
2024,5,15,0,30,15.8,0
2024,5,15,1,30,15.600000000000001,0
2024,5,15,2,30,15.3,0
2024,5,15,3,30,14.9,0
2024,5,15,4,30,14.5,0
2024,5,15,5,30,14.100000000000001,0
2024,5,15,6,30,13.700000000000001,0
2024,5,15,7,30,13.4,0
2024,5,15,8,30,13.200000000000001,0
2024,5,15,9,30,13.200000000000001,0
2024,5,15,10,30,13.700000000000001,25
2024,5,15,11,30,14.200000000000001,21
2024,5,15,12,30,14.8,57
2024,5,15,13,30,15.600000000000001,137
2024,5,15,14,30,16.7,217
2024,5,15,15,30,17.7,384
2024,5,15,16,30,18.3,647
2024,5,15,17,30,18.3,459
2024,5,15,18,30,17.8,123
2024,5,15,19,30,17.2,200
2024,5,15,20,30,16.900000000000002,81
2024,5,15,21,30,16.6,22
2024,5,15,22,30,16,9
2024,5,15,23,30,15.200000000000001,34
2024,5,16,0,30,14.700000000000001,0
2024,5,16,1,30,14.600000000000001,0
2024,5,16,2,30,14.600000000000001,0
2024,5,16,3,30,14.5,0
2024,5,16,4,30,14.4,0
2024,5,16,5,30,14.3,0
2024,5,16,6,30,14.100000000000001,0
2024,5,16,7,30,14.100000000000001,0
2024,5,16,8,30,14.100000000000001,0
2024,5,16,9,30,14.200000000000001,0
2024,5,16,10,30,14.700000000000001,60
2024,5,16,11,30,15.8,104
2024,5,16,12,30,16.900000000000002,102
2024,5,16,13,30,17.8,584
2024,5,16,14,30,18.3,162
2024,5,16,15,30,18.5,228
2024,5,16,16,30,18.8,218
2024,5,16,17,30,18.900000000000002,180
2024,5,16,18,30,18.8,109
2024,5,16,19,30,18.5,65
2024,5,16,20,30,18,89
2024,5,16,21,30,17.5,14
2024,5,16,22,30,16.900000000000002,4
2024,5,16,23,30,16.2,24
2024,5,17,0,30,15.5,0
2024,5,17,1,30,15,0
2024,5,17,2,30,14.4,0
2024,5,17,3,30,13.8,0
2024,5,17,4,30,13.5,0
2024,5,17,5,30,12.9,0
2024,5,17,6,30,12.5,0
2024,5,17,7,30,12.600000000000001,0
2024,5,17,8,30,12.8,0
2024,5,17,9,30,13,0
2024,5,17,10,30,14.100000000000001,19
2024,5,17,11,30,15.5,26
2024,5,17,12,30,16.6,269
2024,5,17,13,30,17.7,200
2024,5,17,14,30,18.5,231
2024,5,17,15,30,18.7,454
2024,5,17,16,30,19,563
2024,5,17,17,30,19.1,461
2024,5,17,18,30,19.1,352
2024,5,17,19,30,19.1,229
2024,5,17,20,30,19.200000000000003,173
2024,5,17,21,30,19.400000000000002,213
2024,5,17,22,30,19.1,156
2024,5,17,23,30,18.5,20
2024,5,18,0,30,17.8,0
2024,5,18,1,30,17,0
2024,5,18,2,30,16,0
2024,5,18,3,30,15.4,0
2024,5,18,4,30,15,0
2024,5,18,5,30,15,0
2024,5,18,6,30,14.8,0
2024,5,18,7,30,14.5,0
2024,5,18,8,30,14.100000000000001,0
2024,5,18,9,30,14.100000000000001,0
2024,5,18,10,30,14.700000000000001,62
2024,5,18,11,30,15.3,58
2024,5,18,12,30,15.8,142
2024,5,18,13,30,16.7,312
2024,5,18,14,30,18.2,464
2024,5,18,15,30,19.700000000000003,476
2024,5,18,16,30,20.700000000000003,379
2024,5,18,17,30,21.200000000000003,320
2024,5,18,18,30,21,269
2024,5,18,19,30,20.5,189
2024,5,18,20,30,19.8,108
2024,5,18,21,30,18.7,171
2024,5,18,22,30,17.3,77
2024,5,18,23,30,16,40
2024,5,19,0,30,15.200000000000001,0
2024,5,19,1,30,14.700000000000001,0
2024,5,19,2,30,14.4,0
2024,5,19,3,30,14.3,0
2024,5,19,4,30,14.200000000000001,0
2024,5,19,5,30,13.9,0
2024,5,19,6,30,13.4,0
2024,5,19,7,30,12.8,0
2024,5,19,8,30,12.600000000000001,0
2024,5,19,9,30,13.3,0
2024,5,19,10,30,14.600000000000001,100
2024,5,19,11,30,15.9,280
2024,5,19,12,30,17.400000000000002,472
2024,5,19,13,30,18.900000000000002,653
2024,5,19,14,30,20.200000000000003,710
2024,5,19,15,30,21.3,889
2024,5,19,16,30,22.3,964
2024,5,19,17,30,23,946
2024,5,19,18,30,23.200000000000003,494
2024,5,19,19,30,23.1,414
2024,5,19,20,30,22.5,282
2024,5,19,21,30,21.3,431
2024,5,19,22,30,19.400000000000002,238
2024,5,19,23,30,17.2,65
2024,5,20,0,30,15.3,0
2024,5,20,1,30,14.100000000000001,0
2024,5,20,2,30,13.100000000000001,0
2024,5,20,3,30,12.5,0
2024,5,20,4,30,12.200000000000001,0
2024,5,20,5,30,12.3,0
2024,5,20,6,30,12.200000000000001,0
2024,5,20,7,30,11.8,0
2024,5,20,8,30,11.4,0
2024,5,20,9,30,11.8,1
2024,5,20,10,30,13.600000000000001,102
2024,5,20,11,30,15.8,282
2024,5,20,12,30,17.8,475
2024,5,20,13,30,19.6,654
2024,5,20,14,30,21.200000000000003,800
2024,5,20,15,30,22.400000000000002,899
2024,5,20,16,30,23.200000000000003,860
2024,5,20,17,30,23.5,940
2024,5,20,18,30,23.3,846
2024,5,20,19,30,22.900000000000002,657
2024,5,20,20,30,22.1,551
2024,5,20,21,30,21,417
2024,5,20,22,30,19.400000000000002,229
2024,5,20,23,30,17.5,66
2024,5,21,0,30,15.9,0
2024,5,21,1,30,14.9,0
2024,5,21,2,30,14.200000000000001,0
2024,5,21,3,30,13.600000000000001,0
2024,5,21,4,30,13.200000000000001,0
2024,5,21,5,30,12.9,0
2024,5,21,6,30,12.700000000000001,0
2024,5,21,7,30,12.600000000000001,0
2024,5,21,8,30,12.600000000000001,0
2024,5,21,9,30,13.100000000000001,1
2024,5,21,10,30,14.5,86
2024,5,21,11,30,16.7,241
2024,5,21,12,30,19.1,455
2024,5,21,13,30,21.5,634
2024,5,21,14,30,23.6,790
2024,5,21,15,30,25.200000000000003,904
2024,5,21,16,30,26.1,953
2024,5,21,17,30,26.700000000000003,945
2024,5,21,18,30,26.8,880
2024,5,21,19,30,26.5,766
2024,5,21,20,30,26,610
2024,5,21,21,30,25.1,428
2024,5,21,22,30,23.5,238
2024,5,21,23,30,21.700000000000003,62
2024,5,22,0,30,20.5,0
2024,5,22,1,30,19.6,0
2024,5,22,2,30,18.7,0
2024,5,22,3,30,17.900000000000002,0
2024,5,22,4,30,17.2,0
2024,5,22,5,30,16.6,0
2024,5,22,6,30,16.2,0
2024,5,22,7,30,15.8,0
2024,5,22,8,30,15.600000000000001,0
2024,5,22,9,30,15.8,2
2024,5,22,10,30,16.8,107
2024,5,22,11,30,18.6,290
2024,5,22,12,30,21.1,487
2024,5,22,13,30,23.400000000000002,669
2024,5,22,14,30,25,818
2024,5,22,15,30,26,920
2024,5,22,16,30,26.6,970
2024,5,22,17,30,26.900000000000002,958
2024,5,22,18,30,26.700000000000003,884
2024,5,22,19,30,26.200000000000003,764
2024,5,22,20,30,25.400000000000002,604
2024,5,22,21,30,24.3,401
2024,5,22,22,30,22.8,194
2024,5,22,23,30,21.3,63
2024,5,23,0,30,20.200000000000003,0
2024,5,23,1,30,19.8,0
2024,5,23,2,30,19.8,0
2024,5,23,3,30,19.6,0
2024,5,23,4,30,19.1,0
2024,5,23,5,30,18.7,0
2024,5,23,6,30,18.400000000000002,0
2024,5,23,7,30,18.2,0
2024,5,23,8,30,18,0
2024,5,23,9,30,18,1
2024,5,23,10,30,18.5,40
2024,5,23,11,30,19.400000000000002,145
2024,5,23,12,30,20.400000000000002,278
2024,5,23,13,30,21.200000000000003,62
2024,5,23,14,30,22,384
2024,5,23,15,30,23.5,500
2024,5,23,16,30,25,394
2024,5,23,17,30,25.400000000000002,373
2024,5,23,18,30,25.400000000000002,218
2024,5,23,19,30,25.200000000000003,559
2024,5,23,20,30,24.8,466
2024,5,23,21,30,24.200000000000003,384
2024,5,23,22,30,23.1,208
2024,5,23,23,30,21.900000000000002,63
2024,5,24,0,30,21.200000000000003,0
2024,5,24,1,30,20.6,0
2024,5,24,2,30,20,0
2024,5,24,3,30,19.3,0
2024,5,24,4,30,18.6,0
2024,5,24,5,30,18.1,0
2024,5,24,6,30,17.6,0
2024,5,24,7,30,17.400000000000002,0
2024,5,24,8,30,17.3,0
2024,5,24,9,30,17.2,1
2024,5,24,10,30,17.6,70
2024,5,24,11,30,18.900000000000002,228
2024,5,24,12,30,20.8,464
2024,5,24,13,30,22.700000000000003,651
2024,5,24,14,30,24.200000000000003,811
2024,5,24,15,30,25.6,927
2024,5,24,16,30,26.400000000000002,982
2024,5,24,17,30,26.700000000000003,976
2024,5,24,18,30,27,910
2024,5,24,19,30,27.1,793
2024,5,24,20,30,26.700000000000003,635
2024,5,24,21,30,25.8,450
2024,5,24,22,30,23.900000000000002,256
2024,5,24,23,30,21.700000000000003,81
2024,5,25,0,30,20.3,0
2024,5,25,1,30,19.400000000000002,0
2024,5,25,2,30,18.5,0
2024,5,25,3,30,17.8,0
2024,5,25,4,30,17.1,0
2024,5,25,5,30,16.400000000000002,0
2024,5,25,6,30,15.8,0
2024,5,25,7,30,15.100000000000001,0
2024,5,25,8,30,14.5,0
2024,5,25,9,30,15,2
2024,5,25,10,30,16.5,110
2024,5,25,11,30,18.5,267
2024,5,25,12,30,20.700000000000003,460
2024,5,25,13,30,22.5,669
2024,5,25,14,30,23.5,806
2024,5,25,15,30,24.200000000000003,889
2024,5,25,16,30,24.900000000000002,956
2024,5,25,17,30,25.400000000000002,941
2024,5,25,18,30,25.5,742
2024,5,25,19,30,25.1,650
2024,5,25,20,30,24.1,517
2024,5,25,21,30,22.8,420
2024,5,25,22,30,21.400000000000002,230
2024,5,25,23,30,20.1,61
2024,5,26,0,30,19.200000000000003,0
2024,5,26,1,30,18.6,0
2024,5,26,2,30,18.2,0
2024,5,26,3,30,17.900000000000002,0
2024,5,26,4,30,17.8,0
2024,5,26,5,30,17.900000000000002,0
2024,5,26,6,30,18,0
2024,5,26,7,30,17.900000000000002,0
2024,5,26,8,30,17.7,0
2024,5,26,9,30,17.8,2
2024,5,26,10,30,18.7,86
2024,5,26,11,30,20.200000000000003,226
2024,5,26,12,30,22.3,422
2024,5,26,13,30,24.1,540
2024,5,26,14,30,25.400000000000002,678
2024,5,26,15,30,26.1,841
2024,5,26,16,30,26.400000000000002,790
2024,5,26,17,30,26.5,862
2024,5,26,18,30,26.3,811
2024,5,26,19,30,26,712
2024,5,26,20,30,25.3,604
2024,5,26,21,30,24.200000000000003,400
2024,5,26,22,30,22.8,230
2024,5,26,23,30,21,75
2024,5,27,0,30,19.6,0
2024,5,27,1,30,18.7,0
2024,5,27,2,30,18,0
2024,5,27,3,30,17.5,0
2024,5,27,4,30,17.1,0
2024,5,27,5,30,16.900000000000002,0
2024,5,27,6,30,16.7,0
2024,5,27,7,30,16.7,0
2024,5,27,8,30,16.8,0
2024,5,27,9,30,17,1
2024,5,27,10,30,17.400000000000002,53
2024,5,27,11,30,18.1,171
2024,5,27,12,30,19.3,296
2024,5,27,13,30,21.200000000000003,625
2024,5,27,14,30,23,669
2024,5,27,15,30,24.200000000000003,694
2024,5,27,16,30,24.6,508
2024,5,27,17,30,24.400000000000002,359
2024,5,27,18,30,23.700000000000003,102
2024,5,27,19,30,22.8,263
2024,5,27,20,30,22.1,304
2024,5,27,21,30,21.3,124
2024,5,27,22,30,20.5,42
2024,5,27,23,30,19.8,49
2024,5,28,0,30,19.400000000000002,0
2024,5,28,1,30,19.200000000000003,0
2024,5,28,2,30,19,0
2024,5,28,3,30,18.8,0
2024,5,28,4,30,18.6,0
2024,5,28,5,30,18.6,0
2024,5,28,6,30,18.7,0
2024,5,28,7,30,18.7,0
2024,5,28,8,30,18.6,0
2024,5,28,9,30,18.6,4
2024,5,28,10,30,19.200000000000003,111
2024,5,28,11,30,20.3,292
2024,5,28,12,30,21.3,488
2024,5,28,13,30,22.200000000000003,672
2024,5,28,14,30,23,822
2024,5,28,15,30,23.8,923
2024,5,28,16,30,24.5,972
2024,5,28,17,30,24.900000000000002,961
2024,5,28,18,30,25.1,888
2024,5,28,19,30,25,761
2024,5,28,20,30,24.400000000000002,624
2024,5,28,21,30,23.400000000000002,441
2024,5,28,22,30,22.1,250
2024,5,28,23,30,20.200000000000003,81
2024,5,29,0,30,19,0
2024,5,29,1,30,18.400000000000002,0
2024,5,29,2,30,17.7,0
2024,5,29,3,30,17.1,0
2024,5,29,4,30,16.5,0
2024,5,29,5,30,15.700000000000001,0
2024,5,29,6,30,15.100000000000001,0
2024,5,29,7,30,14.600000000000001,0
2024,5,29,8,30,14.100000000000001,0
2024,5,29,9,30,14.5,4
2024,5,29,10,30,15.8,116
2024,5,29,11,30,17.6,298
2024,5,29,12,30,19.400000000000002,491
2024,5,29,13,30,21,669
2024,5,29,14,30,22.3,808
2024,5,29,15,30,23.200000000000003,648
2024,5,29,16,30,23.5,504
2024,5,29,17,30,23.400000000000002,954
2024,5,29,18,30,23,677
2024,5,29,19,30,22.8,615
2024,5,29,20,30,22.3,497
2024,5,29,21,30,21.3,268
2024,5,29,22,30,20.3,137
2024,5,29,23,30,19.1,48
2024,5,30,0,30,18.2,0
2024,5,30,1,30,17.7,0
2024,5,30,2,30,17.3,0
2024,5,30,3,30,16.8,0
2024,5,30,4,30,16.3,0
2024,5,30,5,30,15.600000000000001,0
2024,5,30,6,30,14.5,0
2024,5,30,7,30,13.5,0
2024,5,30,8,30,12.700000000000001,0
2024,5,30,9,30,12.600000000000001,2
2024,5,30,10,30,13.5,79
2024,5,30,11,30,14.9,295
2024,5,30,12,30,16.6,351
2024,5,30,13,30,18.1,381
2024,5,30,14,30,19.400000000000002,838
2024,5,30,15,30,20.400000000000002,946
2024,5,30,16,30,21.1,996
2024,5,30,17,30,21.6,990
2024,5,30,18,30,21.8,925
2024,5,30,19,30,21.6,803
2024,5,30,20,30,21.200000000000003,651
2024,5,30,21,30,20.5,461
2024,5,30,22,30,19.1,249
2024,5,30,23,30,17.2,84
2024,5,31,0,30,16.2,0
2024,5,31,1,30,15.8,0
2024,5,31,2,30,15.3,0
2024,5,31,3,30,14.8,0
2024,5,31,4,30,14.4,0
2024,5,31,5,30,14.100000000000001,0
2024,5,31,6,30,13.700000000000001,0
2024,5,31,7,30,13.200000000000001,0
2024,5,31,8,30,12.9,0
2024,5,31,9,30,12.9,2
2024,5,31,10,30,13.9,90
2024,5,31,11,30,15.700000000000001,310
2024,5,31,12,30,17.8,509
2024,5,31,13,30,19.400000000000002,693
2024,5,31,14,30,20.6,841
2024,5,31,15,30,21.5,826
2024,5,31,16,30,22,982
2024,5,31,17,30,22.3,914
2024,5,31,18,30,22.400000000000002,916
2024,5,31,19,30,22.3,779
2024,5,31,20,30,22,650
2024,5,31,21,30,21.400000000000002,469
2024,5,31,22,30,19.8,276
2024,5,31,23,30,17.400000000000002,97
2024,6,1,0,30,15.9,0
2024,6,1,1,30,15.4,0
2024,6,1,2,30,14.4,0
2024,6,1,3,30,13.3,0
2024,6,1,4,30,12.600000000000001,0
2024,6,1,5,30,12.4,0
2024,6,1,6,30,12.200000000000001,0
2024,6,1,7,30,11.9,0
2024,6,1,8,30,11.5,0
2024,6,1,9,30,11.9,5
2024,6,1,10,30,13.5,123
2024,6,1,11,30,16,312
2024,6,1,12,30,18.8,510
2024,6,1,13,30,21.1,693
2024,6,1,14,30,22.900000000000002,842
2024,6,1,15,30,24.400000000000002,945
2024,6,1,16,30,25.400000000000002,997
2024,6,1,17,30,25.900000000000002,989
2024,6,1,18,30,26.1,923
2024,6,1,19,30,26.200000000000003,810
2024,6,1,20,30,26,644
2024,6,1,21,30,25.1,469
2024,6,1,22,30,23.1,260
2024,6,1,23,30,20.200000000000003,76
2024,6,2,0,30,18.400000000000002,0
2024,6,2,1,30,17.6,0
2024,6,2,2,30,16.8,0
2024,6,2,3,30,16.2,0
2024,6,2,4,30,15.700000000000001,0
2024,6,2,5,30,15.100000000000001,0
2024,6,2,6,30,14.600000000000001,0
2024,6,2,7,30,14.100000000000001,0
2024,6,2,8,30,13.700000000000001,0
2024,6,2,9,30,14.100000000000001,4
2024,6,2,10,30,15.5,94
2024,6,2,11,30,18,276
2024,6,2,12,30,20.900000000000002,403
2024,6,2,13,30,23,530
2024,6,2,14,30,23.700000000000003,652
2024,6,2,15,30,23.6,673
2024,6,2,16,30,23.5,825
2024,6,2,17,30,24.200000000000003,720
2024,6,2,18,30,24.900000000000002,443
2024,6,2,19,30,25,236
2024,6,2,20,30,24.5,411
2024,6,2,21,30,23.1,383
2024,6,2,22,30,21.5,117
2024,6,2,23,30,20.3,44
2024,6,3,0,30,19.8,0
2024,6,3,1,30,19.5,0
2024,6,3,2,30,19.3,0
2024,6,3,3,30,19.1,0
2024,6,3,4,30,18.900000000000002,0
2024,6,3,5,30,18.7,0
2024,6,3,6,30,18.6,0
2024,6,3,7,30,18.5,0
2024,6,3,8,30,18.3,0
2024,6,3,9,30,18.6,2
2024,6,3,10,30,19.6,50
2024,6,3,11,30,20.8,225
2024,6,3,12,30,22.400000000000002,464
2024,6,3,13,30,24.400000000000002,640
2024,6,3,14,30,25.900000000000002,719
2024,6,3,15,30,26.900000000000002,725
2024,6,3,16,30,27.700000000000003,932
2024,6,3,17,30,28.1,907
2024,6,3,18,30,28.1,847
2024,6,3,19,30,27.6,523
2024,6,3,20,30,27.200000000000003,269
2024,6,3,21,30,26.700000000000003,111
2024,6,3,22,30,25.1,152
2024,6,3,23,30,22.6,66
2024,6,4,0,30,20.700000000000003,0
2024,6,4,1,30,19.900000000000002,0
2024,6,4,2,30,19.5,0
2024,6,4,3,30,19.200000000000003,0
2024,6,4,4,30,18.900000000000002,0
2024,6,4,5,30,18.6,0
2024,6,4,6,30,18,0
2024,6,4,7,30,17.3,0
2024,6,4,8,30,16.8,0
2024,6,4,9,30,17.5,3
2024,6,4,10,30,19.200000000000003,94
2024,6,4,11,30,21,299
2024,6,4,12,30,22.5,461
2024,6,4,13,30,23.700000000000003,671
2024,6,4,14,30,24.700000000000003,818
2024,6,4,15,30,25.5,843
2024,6,4,16,30,26,867
2024,6,4,17,30,26.1,845
2024,6,4,18,30,25.900000000000002,831
2024,6,4,19,30,25.5,717
2024,6,4,20,30,24.8,592
2024,6,4,21,30,23.6,442
2024,6,4,22,30,22,239
2024,6,4,23,30,20,95
2024,6,5,0,30,18.6,1
2024,6,5,1,30,18.1,0
2024,6,5,2,30,17.8,0
2024,6,5,3,30,17.6,0
2024,6,5,4,30,17.6,0
2024,6,5,5,30,17.5,0
2024,6,5,6,30,17.3,0
2024,6,5,7,30,17.1,0
2024,6,5,8,30,17.1,0
2024,6,5,9,30,17.7,5
2024,6,5,10,30,18.8,116
2024,6,5,11,30,20,269
2024,6,5,12,30,21.700000000000003,420
2024,6,5,13,30,23.3,633
2024,6,5,14,30,24.400000000000002,527
2024,6,5,15,30,25,860
2024,6,5,16,30,25,860
2024,6,5,17,30,24.5,859
2024,6,5,18,30,23.8,762
2024,6,5,19,30,23.3,425
2024,6,5,20,30,23.1,250
2024,6,5,21,30,22.900000000000002,276
2024,6,5,22,30,22.1,176
2024,6,5,23,30,21.3,64
2024,6,6,0,30,20.700000000000003,1
2024,6,6,1,30,20.3,0
2024,6,6,2,30,20,0
2024,6,6,3,30,19.8,0
2024,6,6,4,30,19.700000000000003,0
2024,6,6,5,30,19.6,0
2024,6,6,6,30,20,0
2024,6,6,7,30,20.400000000000002,0
2024,6,6,8,30,20.700000000000003,0
2024,6,6,9,30,20.8,4
2024,6,6,10,30,21,58
2024,6,6,11,30,21.700000000000003,85
2024,6,6,12,30,23,295
2024,6,6,13,30,24.6,460
2024,6,6,14,30,25.6,276
2024,6,6,15,30,25.700000000000003,359
2024,6,6,16,30,25.700000000000003,437
2024,6,6,17,30,26,442
2024,6,6,18,30,26.3,501
2024,6,6,19,30,26.400000000000002,606
2024,6,6,20,30,26.3,533
2024,6,6,21,30,26.1,356
2024,6,6,22,30,25.400000000000002,198
2024,6,6,23,30,24.3,98
2024,6,7,0,30,23.1,2
2024,6,7,1,30,21.900000000000002,0
2024,6,7,2,30,20.900000000000002,0
2024,6,7,3,30,20.3,0
2024,6,7,4,30,20,0
2024,6,7,5,30,20,0
2024,6,7,6,30,19.8,0
2024,6,7,7,30,19.700000000000003,0
2024,6,7,8,30,19.6,0
2024,6,7,9,30,20,3
2024,6,7,10,30,21.6,36
2024,6,7,11,30,23.8,103
2024,6,7,12,30,24.900000000000002,398
2024,6,7,13,30,25.6,558
2024,6,7,14,30,26.3,803
2024,6,7,15,30,26.8,922
2024,6,7,16,30,27,918
2024,6,7,17,30,26.700000000000003,755
2024,6,7,18,30,26.200000000000003,412
2024,6,7,19,30,25.8,483
2024,6,7,20,30,25.3,528
2024,6,7,21,30,24.200000000000003,441
2024,6,7,22,30,22.700000000000003,208
2024,6,7,23,30,21.200000000000003,96
2024,6,8,0,30,19.700000000000003,2
2024,6,8,1,30,18.400000000000002,0
2024,6,8,2,30,17.2,0
2024,6,8,3,30,16.3,0
2024,6,8,4,30,15.700000000000001,0
2024,6,8,5,30,15.3,0
2024,6,8,6,30,14.9,0
2024,6,8,7,30,14.600000000000001,0
2024,6,8,8,30,14.5,0
2024,6,8,9,30,15.100000000000001,5
2024,6,8,10,30,16.7,124
2024,6,8,11,30,18.7,308
2024,6,8,12,30,20.5,502
2024,6,8,13,30,21.6,681
2024,6,8,14,30,22.5,830
2024,6,8,15,30,23.400000000000002,929
2024,6,8,16,30,24,863
2024,6,8,17,30,24.400000000000002,659
2024,6,8,18,30,24.400000000000002,817
2024,6,8,19,30,24.200000000000003,793
2024,6,8,20,30,23.900000000000002,617
2024,6,8,21,30,23.200000000000003,463
2024,6,8,22,30,22.1,276
2024,6,8,23,30,20.200000000000003,103
2024,6,9,0,30,18.6,2
2024,6,9,1,30,18.1,0
2024,6,9,2,30,17.7,0
2024,6,9,3,30,17.3,0
2024,6,9,4,30,17,0
2024,6,9,5,30,17.1,0
2024,6,9,6,30,17.1,0
2024,6,9,7,30,16.6,0
2024,6,9,8,30,16.8,0
2024,6,9,9,30,17.7,4
2024,6,9,10,30,18.8,35
2024,6,9,11,30,20.3,173
2024,6,9,12,30,21.700000000000003,132
2024,6,9,13,30,22.3,67
2024,6,9,14,30,22.700000000000003,70
2024,6,9,15,30,23.6,444
2024,6,9,16,30,24.400000000000002,736
2024,6,9,17,30,24.6,719
2024,6,9,18,30,24.400000000000002,850
2024,6,9,19,30,23.8,666
2024,6,9,20,30,23,662
2024,6,9,21,30,22.400000000000002,482
2024,6,9,22,30,21.3,290
2024,6,9,23,30,19.3,111
2024,6,10,0,30,17.7,2
2024,6,10,1,30,17.2,0
2024,6,10,2,30,17,0
2024,6,10,3,30,16.8,0
2024,6,10,4,30,16.400000000000002,0
2024,6,10,5,30,15.9,0
2024,6,10,6,30,15.3,0
2024,6,10,7,30,14.600000000000001,0
2024,6,10,8,30,14.200000000000001,0
2024,6,10,9,30,14.700000000000001,6
2024,6,10,10,30,16.1,129
2024,6,10,11,30,17.6,315
2024,6,10,12,30,18.900000000000002,509
2024,6,10,13,30,20,688
2024,6,10,14,30,21.1,728
2024,6,10,15,30,22,477
2024,6,10,16,30,22.8,637
2024,6,10,17,30,23.3,569
2024,6,10,18,30,23.400000000000002,589
2024,6,10,19,30,23,739
2024,6,10,20,30,22.6,657
2024,6,10,21,30,22.1,380
2024,6,10,22,30,21,230
2024,6,10,23,30,19.5,108
2024,6,11,0,30,18.3,1
2024,6,11,1,30,17.6,0
2024,6,11,2,30,17.2,0
2024,6,11,3,30,16.6,0
2024,6,11,4,30,15.9,0
2024,6,11,5,30,15.200000000000001,0
2024,6,11,6,30,14.8,0
2024,6,11,7,30,14.3,0
2024,6,11,8,30,13.9,0
2024,6,11,9,30,14.200000000000001,2
2024,6,11,10,30,15.600000000000001,115
2024,6,11,11,30,17.2,294
2024,6,11,12,30,18.900000000000002,481
2024,6,11,13,30,20.400000000000002,441
2024,6,11,14,30,21.5,620
2024,6,11,15,30,22.200000000000003,617
2024,6,11,16,30,22.700000000000003,537
2024,6,11,17,30,23,809
2024,6,11,18,30,22.8,401
2024,6,11,19,30,22.400000000000002,146
2024,6,11,20,30,22,187
2024,6,11,21,30,21.700000000000003,131
2024,6,11,22,30,21,58
2024,6,11,23,30,20,36
2024,6,12,0,30,19.1,0
2024,6,12,1,30,18.6,0
2024,6,12,2,30,18.1,0
2024,6,12,3,30,17.5,0
2024,6,12,4,30,17,0
2024,6,12,5,30,16.400000000000002,0
2024,6,12,6,30,15.8,0
2024,6,12,7,30,15.200000000000001,0
2024,6,12,8,30,14.700000000000001,0
2024,6,12,9,30,15.3,5
2024,6,12,10,30,17.1,120
2024,6,12,11,30,19.1,196
2024,6,12,12,30,20.700000000000003,428
2024,6,12,13,30,21.400000000000002,652
2024,6,12,14,30,21.700000000000003,622
2024,6,12,15,30,22.1,608
2024,6,12,16,30,23,685
2024,6,12,17,30,23.700000000000003,649
2024,6,12,18,30,23.8,615
2024,6,12,19,30,23.700000000000003,589
2024,6,12,20,30,23.700000000000003,486
2024,6,12,21,30,23.700000000000003,255
2024,6,12,22,30,22.700000000000003,268
2024,6,12,23,30,21.5,102
2024,6,13,0,30,20.700000000000003,2
2024,6,13,1,30,19.700000000000003,0
2024,6,13,2,30,18.5,0
2024,6,13,3,30,17.3,0
2024,6,13,4,30,16.400000000000002,0
2024,6,13,5,30,15.700000000000001,0
2024,6,13,6,30,15.100000000000001,0
2024,6,13,7,30,14.8,0
2024,6,13,8,30,14.5,0
2024,6,13,9,30,15.200000000000001,5
2024,6,13,10,30,17.1,116
2024,6,13,11,30,19.5,280
2024,6,13,12,30,22.400000000000002,487
2024,6,13,13,30,24.8,663
2024,6,13,14,30,26.200000000000003,764
2024,6,13,15,30,27,895
2024,6,13,16,30,27.3,903
2024,6,13,17,30,27.3,906
2024,6,13,18,30,27.200000000000003,772
2024,6,13,19,30,27,597
2024,6,13,20,30,26.6,603
2024,6,13,21,30,25.8,407
2024,6,13,22,30,24.6,269
2024,6,13,23,30,23,97
2024,6,14,0,30,21.6,3
2024,6,14,1,30,20.6,0
2024,6,14,2,30,19.900000000000002,0
2024,6,14,3,30,19.400000000000002,0
2024,6,14,4,30,19.1,0
2024,6,14,5,30,19,0
2024,6,14,6,30,18.900000000000002,0
2024,6,14,7,30,18.7,0
2024,6,14,8,30,18.6,0
2024,6,14,9,30,19.1,5
2024,6,14,10,30,20.5,112
2024,6,14,11,30,22.6,281
2024,6,14,12,30,24.6,464
2024,6,14,13,30,26.200000000000003,445
2024,6,14,14,30,27.5,779
2024,6,14,15,30,28.3,879
2024,6,14,16,30,28.700000000000003,769
2024,6,14,17,30,28.900000000000002,487
2024,6,14,18,30,29,315
2024,6,14,19,30,29.3,316
2024,6,14,20,30,29.700000000000003,341
2024,6,14,21,30,28.900000000000002,334
2024,6,14,22,30,27,43
2024,6,14,23,30,24.700000000000003,32
2024,6,15,0,30,22.900000000000002,3
2024,6,15,1,30,21.6,0
2024,6,15,2,30,20.400000000000002,0
2024,6,15,3,30,19.8,0
2024,6,15,4,30,19.5,0
2024,6,15,5,30,18.400000000000002,0
2024,6,15,6,30,16.900000000000002,0
2024,6,15,7,30,15.700000000000001,0
2024,6,15,8,30,15.200000000000001,0
2024,6,15,9,30,15.9,6
2024,6,15,10,30,17.7,125
2024,6,15,11,30,19.900000000000002,307
2024,6,15,12,30,22.1,498
2024,6,15,13,30,23.6,675
2024,6,15,14,30,24.700000000000003,824
2024,6,15,15,30,25.3,929
2024,6,15,16,30,25.6,972
2024,6,15,17,30,25.900000000000002,752
2024,6,15,18,30,26,855
2024,6,15,19,30,26,807
2024,6,15,20,30,25.6,634
2024,6,15,21,30,24.900000000000002,482
2024,6,15,22,30,23.6,293
2024,6,15,23,30,21.6,115
2024,6,16,0,30,19.900000000000002,4
2024,6,16,1,30,18.900000000000002,0
2024,6,16,2,30,18,0
2024,6,16,3,30,17.2,0
2024,6,16,4,30,16.3,0
2024,6,16,5,30,15.5,0
2024,6,16,6,30,14.8,0
2024,6,16,7,30,14.3,0
2024,6,16,8,30,14,0
2024,6,16,9,30,14.4,5
2024,6,16,10,30,15.8,124
2024,6,16,11,30,17.900000000000002,308
2024,6,16,12,30,19.900000000000002,502
2024,6,16,13,30,21.3,664
2024,6,16,14,30,22.5,735
2024,6,16,15,30,23.400000000000002,852
2024,6,16,16,30,24.1,884
2024,6,16,17,30,24.5,971
2024,6,16,18,30,24.6,881
2024,6,16,19,30,24.5,651
2024,6,16,20,30,24,617
2024,6,16,21,30,23.1,472
2024,6,16,22,30,21.700000000000003,284
2024,6,16,23,30,19.8,108
2024,6,17,0,30,18.400000000000002,4
2024,6,17,1,30,17.7,0
2024,6,17,2,30,17.400000000000002,0
2024,6,17,3,30,17.400000000000002,0
2024,6,17,4,30,17.3,0
2024,6,17,5,30,17.2,0
2024,6,17,6,30,17.1,0
2024,6,17,7,30,17,0
2024,6,17,8,30,16.8,0
2024,6,17,9,30,17.900000000000002,5
2024,6,17,10,30,20,115
2024,6,17,11,30,21.8,285
2024,6,17,12,30,23.5,376
2024,6,17,13,30,25,639
2024,6,17,14,30,26.3,783
2024,6,17,15,30,27.400000000000002,888
2024,6,17,16,30,28.1,942
2024,6,17,17,30,28.3,941
2024,6,17,18,30,28.400000000000002,886
2024,6,17,19,30,28.3,783
2024,6,17,20,30,27.900000000000002,637
2024,6,17,21,30,27.1,410
2024,6,17,22,30,25.8,276
2024,6,17,23,30,24,105
2024,6,18,0,30,22.400000000000002,4
2024,6,18,1,30,21.3,0
2024,6,18,2,30,20.6,0
2024,6,18,3,30,20.200000000000003,0
2024,6,18,4,30,20,0
2024,6,18,5,30,19.900000000000002,0
2024,6,18,6,30,19.8,0
2024,6,18,7,30,19.8,0
2024,6,18,8,30,19.700000000000003,0
2024,6,18,9,30,20,4
2024,6,18,10,30,21,105
2024,6,18,11,30,22.400000000000002,271
2024,6,18,12,30,24.3,452
2024,6,18,13,30,26.200000000000003,623
2024,6,18,14,30,27.8,764
2024,6,18,15,30,29.1,863
2024,6,18,16,30,29.900000000000002,915
2024,6,18,17,30,30,915
2024,6,18,18,30,29.8,852
2024,6,18,19,30,29.5,737
2024,6,18,20,30,28.900000000000002,618
2024,6,18,21,30,28,449
2024,6,18,22,30,26.6,269
2024,6,18,23,30,24.8,103
2024,6,19,0,30,23.3,4
2024,6,19,1,30,22.200000000000003,0
2024,6,19,2,30,21.5,0
2024,6,19,3,30,20.8,0
2024,6,19,4,30,20.3,0
2024,6,19,5,30,19.900000000000002,0
2024,6,19,6,30,19.8,0
2024,6,19,7,30,19.700000000000003,0
2024,6,19,8,30,19.6,0
2024,6,19,9,30,20.1,2
2024,6,19,10,30,21.200000000000003,100
2024,6,19,11,30,22.700000000000003,223
2024,6,19,12,30,24.3,364
2024,6,19,13,30,25.900000000000002,544
2024,6,19,14,30,27.6,698
2024,6,19,15,30,29,730
2024,6,19,16,30,29.900000000000002,717
2024,6,19,17,30,30.5,937
2024,6,19,18,30,30.8,834
2024,6,19,19,30,30.700000000000003,742
2024,6,19,20,30,30,640
2024,6,19,21,30,28.700000000000003,467
2024,6,19,22,30,27,282
2024,6,19,23,30,24.900000000000002,111
2024,6,20,0,30,23.200000000000003,4
2024,6,20,1,30,22.1,0
2024,6,20,2,30,21.3,0
2024,6,20,3,30,20.8,0
2024,6,20,4,30,20.3,0
2024,6,20,5,30,20,0
2024,6,20,6,30,19.8,0
2024,6,20,7,30,19.700000000000003,0
2024,6,20,8,30,19.6,0
2024,6,20,9,30,20.3,5
2024,6,20,10,30,21.900000000000002,115
2024,6,20,11,30,23.900000000000002,288
2024,6,20,12,30,26.1,451
2024,6,20,13,30,28.1,633
2024,6,20,14,30,29.8,733
2024,6,20,15,30,30.700000000000003,720
2024,6,20,16,30,31.200000000000003,774
2024,6,20,17,30,31.5,947
2024,6,20,18,30,31.400000000000002,792
2024,6,20,19,30,31.1,778
2024,6,20,20,30,30.6,533
2024,6,20,21,30,30,457
2024,6,20,22,30,28.6,274
2024,6,20,23,30,26.200000000000003,105
2024,6,21,0,30,24.6,4
2024,6,21,1,30,23.700000000000003,0
2024,6,21,2,30,23,0
2024,6,21,3,30,22.400000000000002,0
2024,6,21,4,30,21.8,0
2024,6,21,5,30,21.400000000000002,0
2024,6,21,6,30,21.200000000000003,0
2024,6,21,7,30,21,0
2024,6,21,8,30,20.900000000000002,0
2024,6,21,9,30,21.200000000000003,4
2024,6,21,10,30,22.5,107
2024,6,21,11,30,24.6,277
2024,6,21,12,30,27.3,462
2024,6,21,13,30,29.700000000000003,623
2024,6,21,14,30,31.400000000000002,780
2024,6,21,15,30,32.5,884
2024,6,21,16,30,33.1,936
2024,6,21,17,30,33.5,933
2024,6,21,18,30,33.6,877
2024,6,21,19,30,33.4,772
2024,6,21,20,30,33,626
2024,6,21,21,30,32.2,447
2024,6,21,22,30,30.400000000000002,228
2024,6,21,23,30,27.5,81
2024,6,22,0,30,25.3,3
2024,6,22,1,30,24.3,0
2024,6,22,2,30,23.700000000000003,0
2024,6,22,3,30,23.1,0
2024,6,22,4,30,22.6,0
2024,6,22,5,30,22.200000000000003,0
2024,6,22,6,30,21.8,0
2024,6,22,7,30,21.400000000000002,0
2024,6,22,8,30,21,0
2024,6,22,9,30,21.1,3
2024,6,22,10,30,22.1,42
2024,6,22,11,30,24.200000000000003,162
2024,6,22,12,30,26.8,393
2024,6,22,13,30,29.3,610
2024,6,22,14,30,31.3,760
2024,6,22,15,30,32.7,855
2024,6,22,16,30,33.5,906
2024,6,22,17,30,33.800000000000004,633
2024,6,22,18,30,33.800000000000004,622
2024,6,22,19,30,33.5,326
2024,6,22,20,30,32.9,530
2024,6,22,21,30,31.5,72
2024,6,22,22,30,29.3,205
2024,6,22,23,30,27.3,27
2024,6,23,0,30,26,1
2024,6,23,1,30,25.200000000000003,0
2024,6,23,2,30,24.5,0
2024,6,23,3,30,24,0
2024,6,23,4,30,23.6,0
2024,6,23,5,30,23.3,0
2024,6,23,6,30,23.1,0
2024,6,23,7,30,22.900000000000002,0
2024,6,23,8,30,22.700000000000003,0
2024,6,23,9,30,22.8,3
2024,6,23,10,30,23.400000000000002,92
2024,6,23,11,30,24.8,212
2024,6,23,12,30,27,347
2024,6,23,13,30,29.200000000000003,534
2024,6,23,14,30,30.6,614
2024,6,23,15,30,31.700000000000003,571
2024,6,23,16,30,32.4,745
2024,6,23,17,30,32.7,772
2024,6,23,18,30,32.2,701
2024,6,23,19,30,31,506
2024,6,23,20,30,29.6,362
2024,6,23,21,30,28.5,217
2024,6,23,22,30,27.6,66
2024,6,23,23,30,26.6,19
2024,6,24,0,30,25.5,3
2024,6,24,1,30,24.6,0
2024,6,24,2,30,24,0
2024,6,24,3,30,23.8,0
2024,6,24,4,30,23.6,0
2024,6,24,5,30,23.200000000000003,0
2024,6,24,6,30,22.8,0
2024,6,24,7,30,22.5,0
2024,6,24,8,30,22.1,0
2024,6,24,9,30,21.900000000000002,4
2024,6,24,10,30,22.400000000000002,63
2024,6,24,11,30,23.3,143
2024,6,24,12,30,24.400000000000002,482
2024,6,24,13,30,25.400000000000002,661
2024,6,24,14,30,26.1,810
2024,6,24,15,30,26.700000000000003,570
2024,6,24,16,30,26.900000000000002,694
2024,6,24,17,30,26.6,830
2024,6,24,18,30,26,601
2024,6,24,19,30,25.5,618
2024,6,24,20,30,24.900000000000002,454
2024,6,24,21,30,24.200000000000003,467
2024,6,24,22,30,23.3,244
2024,6,24,23,30,22.200000000000003,119
2024,6,25,0,30,21.1,3
2024,6,25,1,30,20.400000000000002,0
2024,6,25,2,30,19.8,0
2024,6,25,3,30,19.400000000000002,0
2024,6,25,4,30,19,0
2024,6,25,5,30,18.6,0
2024,6,25,6,30,18.3,0
2024,6,25,7,30,18.2,0
2024,6,25,8,30,18,0
2024,6,25,9,30,18.3,5
2024,6,25,10,30,19.8,120
2024,6,25,11,30,22.400000000000002,302
2024,6,25,12,30,25.3,496
2024,6,25,13,30,27.6,678
2024,6,25,14,30,29,826
2024,6,25,15,30,29.900000000000002,913
2024,6,25,16,30,30.6,898
2024,6,25,17,30,31,916
2024,6,25,18,30,31.1,771
2024,6,25,19,30,31,741
2024,6,25,20,30,30.400000000000002,650
2024,6,25,21,30,29.200000000000003,471
2024,6,25,22,30,27.200000000000003,283
2024,6,25,23,30,24.8,109
2024,6,26,0,30,22.900000000000002,4
2024,6,26,1,30,21.6,0
2024,6,26,2,30,20.700000000000003,0
2024,6,26,3,30,20.1,0
2024,6,26,4,30,20,0
2024,6,26,5,30,20.200000000000003,0
2024,6,26,6,30,20.400000000000002,0
2024,6,26,7,30,20.6,0
2024,6,26,8,30,20.8,0
2024,6,26,9,30,21.200000000000003,3
2024,6,26,10,30,22.400000000000002,101
2024,6,26,11,30,24.400000000000002,240
2024,6,26,12,30,26.5,388
2024,6,26,13,30,28.6,489
2024,6,26,14,30,30.200000000000003,673
2024,6,26,15,30,31.400000000000002,776
2024,6,26,16,30,32.1,865
2024,6,26,17,30,32.5,885
2024,6,26,18,30,32.4,819
2024,6,26,19,30,31.900000000000002,546
2024,6,26,20,30,31,502
2024,6,26,21,30,30.1,375
2024,6,26,22,30,28.6,245
2024,6,26,23,30,26.900000000000002,73
2024,6,27,0,30,25.1,3
2024,6,27,1,30,23.200000000000003,0
2024,6,27,2,30,22,0
2024,6,27,3,30,21.5,0
2024,6,27,4,30,21.200000000000003,0
2024,6,27,5,30,21,0
2024,6,27,6,30,20.900000000000002,0
2024,6,27,7,30,20.700000000000003,0
2024,6,27,8,30,20.6,0
2024,6,27,9,30,20.6,3
2024,6,27,10,30,20.8,25
2024,6,27,11,30,21.8,104
2024,6,27,12,30,23.6,457
2024,6,27,13,30,25.3,658
2024,6,27,14,30,26.8,796
2024,6,27,15,30,27.900000000000002,914
2024,6,27,16,30,28.6,869
2024,6,27,17,30,29.1,829
2024,6,27,18,30,29.200000000000003,864
2024,6,27,19,30,29,652
2024,6,27,20,30,28.5,617
2024,6,27,21,30,27.6,434
2024,6,27,22,30,26.1,278
2024,6,27,23,30,24.200000000000003,96
2024,6,28,0,30,22.6,5
2024,6,28,1,30,21.5,0
2024,6,28,2,30,20.5,0
2024,6,28,3,30,19.6,0
2024,6,28,4,30,18.7,0
2024,6,28,5,30,17.7,0
2024,6,28,6,30,16.900000000000002,0
2024,6,28,7,30,16.3,0
2024,6,28,8,30,15.8,0
2024,6,28,9,30,16,2
2024,6,28,10,30,17.5,94
2024,6,28,11,30,19.3,256
2024,6,28,12,30,20.8,453
2024,6,28,13,30,22.200000000000003,676
2024,6,28,14,30,23.400000000000002,827
2024,6,28,15,30,24.5,936
2024,6,28,16,30,25.400000000000002,990
2024,6,28,17,30,26,990
2024,6,28,18,30,26.1,932
2024,6,28,19,30,26,825
2024,6,28,20,30,25.5,674
2024,6,28,21,30,24.3,494
2024,6,28,22,30,22.5,282
2024,6,28,23,30,20.400000000000002,120
2024,6,29,0,30,18.900000000000002,5
2024,6,29,1,30,18.2,0
2024,6,29,2,30,17.7,0
2024,6,29,3,30,17.400000000000002,0
2024,6,29,4,30,17.3,0
2024,6,29,5,30,17.3,0
2024,6,29,6,30,17.400000000000002,0
2024,6,29,7,30,17.6,0
2024,6,29,8,30,18,0
2024,6,29,9,30,18.7,3
2024,6,29,10,30,19.8,65
2024,6,29,11,30,21.5,135
2024,6,29,12,30,23.200000000000003,241
2024,6,29,13,30,24.5,307
2024,6,29,14,30,25.6,517
2024,6,29,15,30,26.700000000000003,494
2024,6,29,16,30,27.6,701
2024,6,29,17,30,27.8,504
2024,6,29,18,30,27.400000000000002,594
2024,6,29,19,30,26.8,426
2024,6,29,20,30,26.3,356
2024,6,29,21,30,25.8,341
2024,6,29,22,30,24.900000000000002,173
2024,6,29,23,30,23.8,97
2024,6,30,0,30,23.1,2
2024,6,30,1,30,22.700000000000003,0
2024,6,30,2,30,22.6,0
2024,6,30,3,30,22.5,0
2024,6,30,4,30,22.5,0
2024,6,30,5,30,22.400000000000002,0
2024,6,30,6,30,22.400000000000002,0
2024,6,30,7,30,22.400000000000002,0
2024,6,30,8,30,22.400000000000002,0
2024,6,30,9,30,22.6,3
2024,6,30,10,30,23,85
2024,6,30,11,30,23.700000000000003,200
2024,6,30,12,30,24.3,222
2024,6,30,13,30,24.900000000000002,298
2024,6,30,14,30,25.700000000000003,349
2024,6,30,15,30,26.5,228
2024,6,30,16,30,26.8,411
2024,6,30,17,30,26.900000000000002,399
2024,6,30,18,30,27,545
2024,6,30,19,30,26.900000000000002,726
2024,6,30,20,30,26.5,512
2024,6,30,21,30,25.700000000000003,32
2024,6,30,22,30,24.8,16
2024,6,30,23,30,24.1,23
2024,7,1,0,30,23.700000000000003,3
2024,7,1,1,30,23.3,0
2024,7,1,2,30,22.5,0
2024,7,1,3,30,21.200000000000003,0
2024,7,1,4,30,19.900000000000002,0
2024,7,1,5,30,18.7,0
2024,7,1,6,30,17.6,0
2024,7,1,7,30,16.7,0
2024,7,1,8,30,16.1,0
2024,7,1,9,30,16.2,4
2024,7,1,10,30,17.400000000000002,114
2024,7,1,11,30,19,295
2024,7,1,12,30,20.8,489
2024,7,1,13,30,22.400000000000002,671
2024,7,1,14,30,23.900000000000002,819
2024,7,1,15,30,25.1,895
2024,7,1,16,30,25.700000000000003,975
2024,7,1,17,30,26.1,957
2024,7,1,18,30,26.200000000000003,862
2024,7,1,19,30,26,581
2024,7,1,20,30,25.6,638
2024,7,1,21,30,25,482
2024,7,1,22,30,23.900000000000002,295
2024,7,1,23,30,22.200000000000003,119
2024,7,2,0,30,20.700000000000003,5
2024,7,2,1,30,20,0
2024,7,2,2,30,19.3,0
2024,7,2,3,30,18.6,0
2024,7,2,4,30,18,0
2024,7,2,5,30,17.6,0
2024,7,2,6,30,17.3,0
2024,7,2,7,30,17,0
2024,7,2,8,30,16.7,0
2024,7,2,9,30,17.1,2
2024,7,2,10,30,18.8,114
2024,7,2,11,30,21.200000000000003,294
2024,7,2,12,30,23.5,489
2024,7,2,13,30,25.200000000000003,670
2024,7,2,14,30,26.6,822
2024,7,2,15,30,27.6,931
2024,7,2,16,30,28.3,985
2024,7,2,17,30,28.700000000000003,980
2024,7,2,18,30,28.700000000000003,887
2024,7,2,19,30,28.5,744
2024,7,2,20,30,27.8,579
2024,7,2,21,30,26.3,459
2024,7,2,22,30,24.400000000000002,251
2024,7,2,23,30,22.6,109
2024,7,3,0,30,21.5,3
2024,7,3,1,30,20.700000000000003,0
2024,7,3,2,30,20.1,0
2024,7,3,3,30,19.400000000000002,0
2024,7,3,4,30,18.5,0
2024,7,3,5,30,17.900000000000002,0
2024,7,3,6,30,17.5,0
2024,7,3,7,30,17.1,0
2024,7,3,8,30,16.8,0
2024,7,3,9,30,17.7,2
2024,7,3,10,30,19.400000000000002,109
2024,7,3,11,30,21.5,286
2024,7,3,12,30,23.700000000000003,477
2024,7,3,13,30,25.5,656
2024,7,3,14,30,26.6,807
2024,7,3,15,30,27.200000000000003,914
2024,7,3,16,30,27.6,969
2024,7,3,17,30,27.8,965
2024,7,3,18,30,27.8,896
2024,7,3,19,30,27.3,776
2024,7,3,20,30,26.5,572
2024,7,3,21,30,25.400000000000002,456
2024,7,3,22,30,24.1,289
2024,7,3,23,30,22.400000000000002,114
2024,7,4,0,30,20.900000000000002,4
2024,7,4,1,30,20,0
2024,7,4,2,30,19.5,0
2024,7,4,3,30,19.3,0
2024,7,4,4,30,19.3,0
2024,7,4,5,30,19.400000000000002,0
2024,7,4,6,30,19.5,0
2024,7,4,7,30,19.6,0
2024,7,4,8,30,19.6,0
2024,7,4,9,30,20.1,1
2024,7,4,10,30,21.200000000000003,49
2024,7,4,11,30,22.400000000000002,134
2024,7,4,12,30,23.1,311
2024,7,4,13,30,24,477
2024,7,4,14,30,25.700000000000003,634
2024,7,4,15,30,27.700000000000003,808
2024,7,4,16,30,29.1,848
2024,7,4,17,30,29.900000000000002,588
2024,7,4,18,30,30.5,618
2024,7,4,19,30,30.6,623
2024,7,4,20,30,30,522
2024,7,4,21,30,28.700000000000003,329
2024,7,4,22,30,26.8,183
2024,7,4,23,30,25,64
2024,7,5,0,30,23.8,2
2024,7,5,1,30,23.200000000000003,0
2024,7,5,2,30,22.900000000000002,0
2024,7,5,3,30,22.700000000000003,0
2024,7,5,4,30,22.6,0
2024,7,5,5,30,22.5,0
2024,7,5,6,30,22.400000000000002,0
2024,7,5,7,30,22.400000000000002,0
2024,7,5,8,30,22.200000000000003,0
2024,7,5,9,30,22.3,1
2024,7,5,10,30,22.900000000000002,70
2024,7,5,11,30,24.1,204
2024,7,5,12,30,26.200000000000003,226
2024,7,5,13,30,28.5,243
2024,7,5,14,30,30,241
2024,7,5,15,30,30.700000000000003,377
2024,7,5,16,30,30.3,745
2024,7,5,17,30,29.5,647
2024,7,5,18,30,29.6,659
2024,7,5,19,30,30,532
2024,7,5,20,30,30,476
2024,7,5,21,30,29.5,361
2024,7,5,22,30,28.200000000000003,160
2024,7,5,23,30,26.5,31
2024,7,6,0,30,25.200000000000003,3
2024,7,6,1,30,24.400000000000002,0
2024,7,6,2,30,23.900000000000002,0
2024,7,6,3,30,23.6,0
2024,7,6,4,30,23.5,0
2024,7,6,5,30,23.400000000000002,0
2024,7,6,6,30,23.3,0
2024,7,6,7,30,23.3,0
2024,7,6,8,30,23.200000000000003,0
2024,7,6,9,30,23.3,1
2024,7,6,10,30,23.8,61
2024,7,6,11,30,24.8,104
2024,7,6,12,30,26.700000000000003,352
2024,7,6,13,30,29,487
2024,7,6,14,30,30.700000000000003,680
2024,7,6,15,30,31.900000000000002,842
2024,7,6,16,30,32.7,801
2024,7,6,17,30,33.1,912
2024,7,6,18,30,33.1,810
2024,7,6,19,30,32.800000000000004,509
2024,7,6,20,30,31.900000000000002,616
2024,7,6,21,30,30.8,273
2024,7,6,22,30,29.400000000000002,187
2024,7,6,23,30,27.700000000000003,100
2024,7,7,0,30,26.400000000000002,3
2024,7,7,1,30,25.6,0
2024,7,7,2,30,24.900000000000002,0
2024,7,7,3,30,24.400000000000002,0
2024,7,7,4,30,24.200000000000003,0
2024,7,7,5,30,23.900000000000002,0
2024,7,7,6,30,23.6,0
2024,7,7,7,30,23.5,0
2024,7,7,8,30,23.200000000000003,0
2024,7,7,9,30,23.1,1
2024,7,7,10,30,23.5,57
2024,7,7,11,30,24.3,149
2024,7,7,12,30,25.8,141
2024,7,7,13,30,27.6,432
2024,7,7,14,30,29.200000000000003,578
2024,7,7,15,30,30.400000000000002,617
2024,7,7,16,30,31.200000000000003,598
2024,7,7,17,30,32,849
2024,7,7,18,30,32.7,836
2024,7,7,19,30,32.9,673
2024,7,7,20,30,33,617
2024,7,7,21,30,32.2,430
2024,7,7,22,30,30.200000000000003,218
2024,7,7,23,30,28.1,88
2024,7,8,0,30,26.400000000000002,3
2024,7,8,1,30,25.6,0
2024,7,8,2,30,25.1,0
2024,7,8,3,30,24.700000000000003,0
2024,7,8,4,30,24.3,0
2024,7,8,5,30,24,0
2024,7,8,6,30,23.6,0
2024,7,8,7,30,23.1,0
2024,7,8,8,30,22.700000000000003,0
2024,7,8,9,30,23,1
2024,7,8,10,30,24.3,84
2024,7,8,11,30,26.6,238
2024,7,8,12,30,29.3,427
2024,7,8,13,30,30.700000000000003,611
2024,7,8,14,30,31.200000000000003,717
2024,7,8,15,30,31.5,635
2024,7,8,16,30,32.2,832
2024,7,8,17,30,33,876
2024,7,8,18,30,33.300000000000004,801
2024,7,8,19,30,32.9,683
2024,7,8,20,30,31.900000000000002,579
2024,7,8,21,30,30.8,400
2024,7,8,22,30,29.200000000000003,245
2024,7,8,23,30,27.3,58
2024,7,9,0,30,25.900000000000002,3
2024,7,9,1,30,25.1,0
2024,7,9,2,30,24.5,0
2024,7,9,3,30,24.1,0
2024,7,9,4,30,23.6,0
2024,7,9,5,30,23.200000000000003,0
2024,7,9,6,30,22.8,0
2024,7,9,7,30,22.5,0
2024,7,9,8,30,22.3,0
2024,7,9,9,30,22.900000000000002,1
2024,7,9,10,30,24.200000000000003,88
2024,7,9,11,30,26.1,252
2024,7,9,12,30,28.200000000000003,434
2024,7,9,13,30,29.8,580
2024,7,9,14,30,31,646
2024,7,9,15,30,31.700000000000003,772
2024,7,9,16,30,32.1,634
2024,7,9,17,30,32.4,711
2024,7,9,18,30,32.4,727
2024,7,9,19,30,32.300000000000004,657
2024,7,9,20,30,31.900000000000002,500
2024,7,9,21,30,31.1,173
2024,7,9,22,30,29.700000000000003,242
2024,7,9,23,30,28.1,46
2024,7,10,0,30,26.8,2
2024,7,10,1,30,26.1,0
2024,7,10,2,30,25.5,0
2024,7,10,3,30,25.1,0
2024,7,10,4,30,24.900000000000002,0
2024,7,10,5,30,24.6,0
2024,7,10,6,30,24.3,0
2024,7,10,7,30,24,0
2024,7,10,8,30,23.8,0
2024,7,10,9,30,24.1,0
2024,7,10,10,30,25.200000000000003,86
2024,7,10,11,30,26.900000000000002,249
2024,7,10,12,30,28.6,278
2024,7,10,13,30,29.900000000000002,604
2024,7,10,14,30,30.700000000000003,702
2024,7,10,15,30,31.3,609
2024,7,10,16,30,31.700000000000003,690
2024,7,10,17,30,31.700000000000003,729
2024,7,10,18,30,31.5,804
2024,7,10,19,30,31.1,772
2024,7,10,20,30,30.3,632
2024,7,10,21,30,29.1,462
2024,7,10,22,30,27.8,277
2024,7,10,23,30,26.3,103
2024,7,11,0,30,25.200000000000003,3
2024,7,11,1,30,24.5,0
2024,7,11,2,30,24.200000000000003,0
2024,7,11,3,30,24.1,0
2024,7,11,4,30,24.1,0
2024,7,11,5,30,24.1,0
2024,7,11,6,30,24.200000000000003,0
2024,7,11,7,30,24.200000000000003,0
2024,7,11,8,30,24.1,0
2024,7,11,9,30,24,0
2024,7,11,10,30,24.200000000000003,89
2024,7,11,11,30,25.1,259
2024,7,11,12,30,26.400000000000002,449
2024,7,11,13,30,27.8,629
2024,7,11,14,30,29,783
2024,7,11,15,30,30,894
2024,7,11,16,30,30.700000000000003,953
2024,7,11,17,30,31,957
2024,7,11,18,30,31,902
2024,7,11,19,30,30.8,799
2024,7,11,20,30,30.400000000000002,652
2024,7,11,21,30,29.5,475
2024,7,11,22,30,27.900000000000002,286
2024,7,11,23,30,25.400000000000002,109
2024,7,12,0,30,23.5,2
2024,7,12,1,30,22.6,0
2024,7,12,2,30,21.900000000000002,0
2024,7,12,3,30,21.400000000000002,0
2024,7,12,4,30,21.1,0
2024,7,12,5,30,21,0
2024,7,12,6,30,21,0
2024,7,12,7,30,21.3,0
2024,7,12,8,30,21.900000000000002,0
2024,7,12,9,30,22.3,0
2024,7,12,10,30,22.6,42
2024,7,12,11,30,23.8,81
2024,7,12,12,30,26.1,210
2024,7,12,13,30,28.1,402
2024,7,12,14,30,29.1,475
2024,7,12,15,30,29.5,266
2024,7,12,16,30,29.1,233
2024,7,12,17,30,28.5,481
2024,7,12,18,30,27.900000000000002,358
2024,7,12,19,30,27.3,517
2024,7,12,20,30,26.400000000000002,219
2024,7,12,21,30,25.6,169
2024,7,12,22,30,25.1,116
2024,7,12,23,30,24.400000000000002,44
2024,7,13,0,30,23.700000000000003,0
2024,7,13,1,30,23.3,0
2024,7,13,2,30,23.3,0
2024,7,13,3,30,23.200000000000003,0
2024,7,13,4,30,22.900000000000002,0
2024,7,13,5,30,22.6,0
2024,7,13,6,30,22.700000000000003,0
2024,7,13,7,30,22.8,0
2024,7,13,8,30,22.8,0
2024,7,13,9,30,22.900000000000002,0
2024,7,13,10,30,23.3,56
2024,7,13,11,30,24,133
2024,7,13,12,30,25,350
2024,7,13,13,30,26.700000000000003,139
2024,7,13,14,30,28.6,342
2024,7,13,15,30,29.6,773
2024,7,13,16,30,30,903
2024,7,13,17,30,30.400000000000002,911
2024,7,13,18,30,31,849
2024,7,13,19,30,31.400000000000002,731
2024,7,13,20,30,31.5,623
2024,7,13,21,30,31.400000000000002,450
2024,7,13,22,30,30.200000000000003,267
2024,7,13,23,30,27.6,98
2024,7,14,0,30,25.700000000000003,2
2024,7,14,1,30,24.8,0
2024,7,14,2,30,24.3,0
2024,7,14,3,30,23.8,0
2024,7,14,4,30,23.3,0
2024,7,14,5,30,22.900000000000002,0
2024,7,14,6,30,22.700000000000003,0
2024,7,14,7,30,22.700000000000003,0
2024,7,14,8,30,22.900000000000002,0
2024,7,14,9,30,23.400000000000002,0
2024,7,14,10,30,24.700000000000003,74
2024,7,14,11,30,27.400000000000002,233
2024,7,14,12,30,30.1,414
2024,7,14,13,30,31.400000000000002,586
2024,7,14,14,30,32.2,729
2024,7,14,15,30,32.9,828
2024,7,14,16,30,33.4,878
2024,7,14,17,30,33.6,436
2024,7,14,18,30,33.300000000000004,55
2024,7,14,19,30,32.800000000000004,100
2024,7,14,20,30,32,330
2024,7,14,21,30,30.900000000000002,408
2024,7,14,22,30,29.200000000000003,248
2024,7,14,23,30,27.3,85
2024,7,15,0,30,25.8,1
2024,7,15,1,30,24.900000000000002,0
2024,7,15,2,30,24.3,0
2024,7,15,3,30,24.1,0
2024,7,15,4,30,23.900000000000002,0
2024,7,15,5,30,23.5,0
2024,7,15,6,30,23.200000000000003,0
2024,7,15,7,30,23,0
2024,7,15,8,30,23,0
2024,7,15,9,30,23.3,0
2024,7,15,10,30,24.1,69
2024,7,15,11,30,24.900000000000002,229
2024,7,15,12,30,26.5,414
2024,7,15,13,30,29.5,488
2024,7,15,14,30,32.2,589
2024,7,15,15,30,33.5,784
2024,7,15,16,30,34.2,775
2024,7,15,17,30,34.6,874
2024,7,15,18,30,34.7,607
2024,7,15,19,30,34.6,718
2024,7,15,20,30,34.1,628
2024,7,15,21,30,33.2,454
2024,7,15,22,30,31.5,269
2024,7,15,23,30,28.900000000000002,98
2024,7,16,0,30,27,2
2024,7,16,1,30,26.1,0
2024,7,16,2,30,25.5,0
2024,7,16,3,30,25.200000000000003,0
2024,7,16,4,30,25.1,0
2024,7,16,5,30,25,0
2024,7,16,6,30,24.8,0
2024,7,16,7,30,24.5,0
2024,7,16,8,30,23.900000000000002,0
2024,7,16,9,30,24.1,0
2024,7,16,10,30,25.6,75
2024,7,16,11,30,28,224
2024,7,16,12,30,30.6,416
2024,7,16,13,30,32.4,589
2024,7,16,14,30,33.4,741
2024,7,16,15,30,34.1,854
2024,7,16,16,30,34.300000000000004,910
2024,7,16,17,30,34.300000000000004,890
2024,7,16,18,30,34.1,840
2024,7,16,19,30,33.7,738
2024,7,16,20,30,33,597
2024,7,16,21,30,31.900000000000002,428
2024,7,16,22,30,30.5,184
2024,7,16,23,30,28.8,28
2024,7,17,0,30,27.3,1
2024,7,17,1,30,26.400000000000002,0
2024,7,17,2,30,25.5,0
2024,7,17,3,30,24.900000000000002,0
2024,7,17,4,30,24.6,0
2024,7,17,5,30,24.200000000000003,0
2024,7,17,6,30,23.900000000000002,0
2024,7,17,7,30,23.8,0
2024,7,17,8,30,23.8,0
2024,7,17,9,30,23.700000000000003,0
2024,7,17,10,30,24.3,24
2024,7,17,11,30,26.3,40
2024,7,17,12,30,28.6,167
2024,7,17,13,30,30.400000000000002,248
2024,7,17,14,30,31.8,735
2024,7,17,15,30,32.7,846
2024,7,17,16,30,33.300000000000004,905
2024,7,17,17,30,33.6,904
2024,7,17,18,30,33.300000000000004,800
2024,7,17,19,30,32.6,454
2024,7,17,20,30,31.400000000000002,235
2024,7,17,21,30,30.400000000000002,335
2024,7,17,22,30,29.1,196
2024,7,17,23,30,27.6,73
2024,7,18,0,30,26.400000000000002,1
2024,7,18,1,30,25.5,0
2024,7,18,2,30,24.700000000000003,0
2024,7,18,3,30,24.1,0
2024,7,18,4,30,23.700000000000003,0
2024,7,18,5,30,23.400000000000002,0
2024,7,18,6,30,23.1,0
2024,7,18,7,30,22.700000000000003,0
2024,7,18,8,30,22.5,0
2024,7,18,9,30,22.6,0
2024,7,18,10,30,22.900000000000002,69
2024,7,18,11,30,23.3,127
2024,7,18,12,30,24.200000000000003,63
2024,7,18,13,30,25.700000000000003,229
2024,7,18,14,30,27,559
2024,7,18,15,30,27.900000000000002,852
2024,7,18,16,30,28.6,912
2024,7,18,17,30,29.200000000000003,757
2024,7,18,18,30,29.900000000000002,585
2024,7,18,19,30,30.200000000000003,671
2024,7,18,20,30,29.700000000000003,454
2024,7,18,21,30,28.900000000000002,266
2024,7,18,22,30,27.700000000000003,156
2024,7,18,23,30,25.900000000000002,94
2024,7,19,0,30,24.3,0
2024,7,19,1,30,23.400000000000002,0
2024,7,19,2,30,22.6,0
2024,7,19,3,30,21.900000000000002,0
2024,7,19,4,30,21.3,0
2024,7,19,5,30,20.6,0
2024,7,19,6,30,19.900000000000002,0
2024,7,19,7,30,19.3,0
2024,7,19,8,30,18.7,0
2024,7,19,9,30,18.7,0
2024,7,19,10,30,19.8,82
2024,7,19,11,30,21.8,259
2024,7,19,12,30,23.6,454
2024,7,19,13,30,25.200000000000003,640
2024,7,19,14,30,26.5,794
2024,7,19,15,30,27.6,907
2024,7,19,16,30,28.6,964
2024,7,19,17,30,29.3,965
2024,7,19,18,30,29.700000000000003,908
2024,7,19,19,30,29.900000000000002,799
2024,7,19,20,30,29.8,648
2024,7,19,21,30,29.400000000000002,467
2024,7,19,22,30,27.900000000000002,274
2024,7,19,23,30,25.900000000000002,97
2024,7,20,0,30,24.5,1
2024,7,20,1,30,23.8,0
2024,7,20,2,30,23.3,0
2024,7,20,3,30,22.6,0
2024,7,20,4,30,21.8,0
2024,7,20,5,30,21.1,0
2024,7,20,6,30,20.6,0
2024,7,20,7,30,20.200000000000003,0
2024,7,20,8,30,19.8,0
2024,7,20,9,30,20.1,0
2024,7,20,10,30,21.400000000000002,65
2024,7,20,11,30,23.5,183
2024,7,20,12,30,25.6,385
2024,7,20,13,30,26.8,455
2024,7,20,14,30,27.5,564
2024,7,20,15,30,28.1,412
2024,7,20,16,30,28.5,589
2024,7,20,17,30,28.700000000000003,437
2024,7,20,18,30,28.6,276
2024,7,20,19,30,28.3,483
2024,7,20,20,30,27.8,361
2024,7,20,21,30,27,167
2024,7,20,22,30,25.900000000000002,133
2024,7,20,23,30,24.700000000000003,58
2024,7,21,0,30,23.8,0
2024,7,21,1,30,23.3,0
2024,7,21,2,30,22.900000000000002,0
2024,7,21,3,30,22.6,0
2024,7,21,4,30,22.3,0
2024,7,21,5,30,22.1,0
2024,7,21,6,30,21.900000000000002,0
2024,7,21,7,30,21.6,0
2024,7,21,8,30,21.200000000000003,0
2024,7,21,9,30,21.5,0
2024,7,21,10,30,23,69
2024,7,21,11,30,25.1,229
2024,7,21,12,30,26.900000000000002,410
2024,7,21,13,30,28.3,584
2024,7,21,14,30,29.400000000000002,738
2024,7,21,15,30,30.3,799
2024,7,21,16,30,31,406
2024,7,21,17,30,31.3,416
2024,7,21,18,30,31.200000000000003,503
2024,7,21,19,30,31,590
2024,7,21,20,30,30.5,417
2024,7,21,21,30,29.5,419
2024,7,21,22,30,27.900000000000002,230
2024,7,21,23,30,25.900000000000002,73
2024,7,22,0,30,24.400000000000002,0
2024,7,22,1,30,23.700000000000003,0
2024,7,22,2,30,23.200000000000003,0
2024,7,22,3,30,22.700000000000003,0
2024,7,22,4,30,22.400000000000002,0
2024,7,22,5,30,22.1,0
2024,7,22,6,30,21.8,0
2024,7,22,7,30,21.700000000000003,0
2024,7,22,8,30,21.5,0
2024,7,22,9,30,21.8,0
2024,7,22,10,30,22.700000000000003,50
2024,7,22,11,30,24.3,123
2024,7,22,12,30,26,206
2024,7,22,13,30,26.900000000000002,387
2024,7,22,14,30,27.3,455
2024,7,22,15,30,27.5,618
2024,7,22,16,30,27.3,658
2024,7,22,17,30,27,501
2024,7,22,18,30,26.6,402
2024,7,22,19,30,26.400000000000002,387
2024,7,22,20,30,26.200000000000003,260
2024,7,22,21,30,25.5,228
2024,7,22,22,30,24.6,123
2024,7,22,23,30,23.700000000000003,64
2024,7,23,0,30,23.3,0
2024,7,23,1,30,23,0
2024,7,23,2,30,22.700000000000003,0
2024,7,23,3,30,22.5,0
2024,7,23,4,30,22.3,0
2024,7,23,5,30,22.1,0
2024,7,23,6,30,21.900000000000002,0
2024,7,23,7,30,21.8,0
2024,7,23,8,30,21.8,0
2024,7,23,9,30,22,0
2024,7,23,10,30,23,47
2024,7,23,11,30,25.200000000000003,226
2024,7,23,12,30,26.900000000000002,138
2024,7,23,13,30,27.1,98
2024,7,23,14,30,27.6,437
2024,7,23,15,30,28.400000000000002,515
2024,7,23,16,30,28.900000000000002,560
2024,7,23,17,30,29,641
2024,7,23,18,30,28.900000000000002,476
2024,7,23,19,30,29,469
2024,7,23,20,30,28.900000000000002,374
2024,7,23,21,30,28.700000000000003,246
2024,7,23,22,30,27.8,143
2024,7,23,23,30,26.700000000000003,61
2024,7,24,0,30,26,0
2024,7,24,1,30,25.5,0
2024,7,24,2,30,24.8,0
2024,7,24,3,30,24.1,0
2024,7,24,4,30,23.5,0
2024,7,24,5,30,23,0
2024,7,24,6,30,22.700000000000003,0
2024,7,24,7,30,22.400000000000002,0
2024,7,24,8,30,22.1,0
2024,7,24,9,30,22.200000000000003,0
2024,7,24,10,30,23,32
2024,7,24,11,30,24.200000000000003,79
2024,7,24,12,30,25.700000000000003,116
2024,7,24,13,30,26.900000000000002,233
2024,7,24,14,30,27.900000000000002,318
2024,7,24,15,30,28.200000000000003,400
2024,7,24,16,30,28.3,340
2024,7,24,17,30,28.700000000000003,358
2024,7,24,18,30,28.6,467
2024,7,24,19,30,28.200000000000003,529
2024,7,24,20,30,27.8,386
2024,7,24,21,30,27.1,250
2024,7,24,22,30,26,139
2024,7,24,23,30,24.700000000000003,61
2024,7,25,0,30,23.700000000000003,0
2024,7,25,1,30,23.1,0
2024,7,25,2,30,22.8,0
2024,7,25,3,30,22.6,0
2024,7,25,4,30,22.5,0
2024,7,25,5,30,22.400000000000002,0
2024,7,25,6,30,22.3,0
2024,7,25,7,30,22.3,0
2024,7,25,8,30,22.200000000000003,0
2024,7,25,9,30,22.400000000000002,0
2024,7,25,10,30,23.1,41
2024,7,25,11,30,24,89
2024,7,25,12,30,25.1,148
2024,7,25,13,30,26.400000000000002,226
2024,7,25,14,30,27.6,295
2024,7,25,15,30,28.5,401
2024,7,25,16,30,28.700000000000003,684
2024,7,25,17,30,28.6,635
2024,7,25,18,30,28.8,408
2024,7,25,19,30,28.900000000000002,503
2024,7,25,20,30,28.6,346
2024,7,25,21,30,27.700000000000003,160
2024,7,25,22,30,26.3,97
2024,7,25,23,30,24.700000000000003,37
2024,7,26,0,30,23.400000000000002,0
2024,7,26,1,30,22.700000000000003,0
2024,7,26,2,30,22.3,0
2024,7,26,3,30,21.700000000000003,0
2024,7,26,4,30,20.700000000000003,0
2024,7,26,5,30,19.5,0
2024,7,26,6,30,18.7,0
2024,7,26,7,30,18.1,0
2024,7,26,8,30,17.6,0
2024,7,26,9,30,17.6,0
2024,7,26,10,30,18.900000000000002,70
2024,7,26,11,30,21.1,204
2024,7,26,12,30,23.1,370
2024,7,26,13,30,24.700000000000003,499
2024,7,26,14,30,26.1,645
2024,7,26,15,30,27.400000000000002,753
2024,7,26,16,30,28.400000000000002,818
2024,7,26,17,30,29.1,821
2024,7,26,18,30,29.6,814
2024,7,26,19,30,29.700000000000003,703
2024,7,26,20,30,29.3,520
2024,7,26,21,30,28.700000000000003,366
2024,7,26,22,30,27.400000000000002,158
2024,7,26,23,30,25.700000000000003,66
2024,7,27,0,30,24.400000000000002,0
2024,7,27,1,30,23.400000000000002,0
2024,7,27,2,30,22.700000000000003,0
2024,7,27,3,30,22.200000000000003,0
2024,7,27,4,30,21.700000000000003,0
2024,7,27,5,30,21.1,0
2024,7,27,6,30,20.700000000000003,0
2024,7,27,7,30,20.3,0
2024,7,27,8,30,20,0
2024,7,27,9,30,19.900000000000002,0
2024,7,27,10,30,20.5,56
2024,7,27,11,30,22.400000000000002,217
2024,7,27,12,30,25.3,405
2024,7,27,13,30,27.6,586
2024,7,27,14,30,28.8,748
2024,7,27,15,30,29.6,736
2024,7,27,16,30,30.3,685
2024,7,27,17,30,30.6,710
2024,7,27,18,30,30.900000000000002,592
2024,7,27,19,30,30.8,701
2024,7,27,20,30,30.3,554
2024,7,27,21,30,29.5,406
2024,7,27,22,30,27.3,239
2024,7,27,23,30,24.5,70
2024,7,28,0,30,22.900000000000002,0
2024,7,28,1,30,22.3,0
2024,7,28,2,30,21.8,0
2024,7,28,3,30,21.200000000000003,0
2024,7,28,4,30,20.6,0
2024,7,28,5,30,20.200000000000003,0
2024,7,28,6,30,19.8,0
2024,7,28,7,30,19.5,0
2024,7,28,8,30,19.200000000000003,0
2024,7,28,9,30,19.5,0
2024,7,28,10,30,21,53
2024,7,28,11,30,23.6,212
2024,7,28,12,30,26.400000000000002,397
2024,7,28,13,30,28.400000000000002,576
2024,7,28,14,30,29.5,725
2024,7,28,15,30,30.400000000000002,828
2024,7,28,16,30,31.1,735
2024,7,28,17,30,31.3,867
2024,7,28,18,30,31,707
2024,7,28,19,30,30.400000000000002,511
2024,7,28,20,30,29.3,384
2024,7,28,21,30,27.8,230
2024,7,28,22,30,25.8,95
2024,7,28,23,30,24.3,59
2024,7,29,0,30,23.400000000000002,0
2024,7,29,1,30,22.8,0
2024,7,29,2,30,22.6,0
2024,7,29,3,30,22.400000000000002,0
2024,7,29,4,30,22.3,0
2024,7,29,5,30,22.1,0
2024,7,29,6,30,21.8,0
2024,7,29,7,30,21.5,0
2024,7,29,8,30,21.200000000000003,0
2024,7,29,9,30,21.200000000000003,0
2024,7,29,10,30,21.700000000000003,40
2024,7,29,11,30,22.5,53
2024,7,29,12,30,24.200000000000003,165
2024,7,29,13,30,26.5,394
2024,7,29,14,30,28.400000000000002,598
2024,7,29,15,30,29.700000000000003,718
2024,7,29,16,30,30.5,862
2024,7,29,17,30,30.8,708
2024,7,29,18,30,30.8,637
2024,7,29,19,30,30.3,513
2024,7,29,20,30,29.6,433
2024,7,29,21,30,28.900000000000002,398
2024,7,29,22,30,27.6,147
2024,7,29,23,30,25.900000000000002,40
2024,7,30,0,30,24.700000000000003,0
2024,7,30,1,30,23.900000000000002,0
2024,7,30,2,30,23.3,0
2024,7,30,3,30,22.8,0
2024,7,30,4,30,22.5,0
2024,7,30,5,30,22.3,0
2024,7,30,6,30,22.200000000000003,0
2024,7,30,7,30,22.200000000000003,0
2024,7,30,8,30,22.400000000000002,0
2024,7,30,9,30,22.900000000000002,0
2024,7,30,10,30,23.6,46
2024,7,30,11,30,24.6,165
2024,7,30,12,30,25.700000000000003,381
2024,7,30,13,30,26.900000000000002,563
2024,7,30,14,30,28.400000000000002,575
2024,7,30,15,30,29.8,773
2024,7,30,16,30,30.6,873
2024,7,30,17,30,30.700000000000003,840
2024,7,30,18,30,30.3,733
2024,7,30,19,30,29.700000000000003,514
2024,7,30,20,30,28.700000000000003,337
2024,7,30,21,30,27.5,337
2024,7,30,22,30,26.200000000000003,210
2024,7,30,23,30,25.1,67
2024,7,31,0,30,24.400000000000002,0
2024,7,31,1,30,24.1,0
2024,7,31,2,30,24,0
2024,7,31,3,30,23.900000000000002,0
2024,7,31,4,30,23.8,0
2024,7,31,5,30,23.700000000000003,0
2024,7,31,6,30,23.6,0
2024,7,31,7,30,23.6,0
2024,7,31,8,30,23.5,0
2024,7,31,9,30,23.5,0
2024,7,31,10,30,23.900000000000002,39
2024,7,31,11,30,24.8,140
2024,7,31,12,30,25.5,63
2024,7,31,13,30,25.8,351
2024,7,31,14,30,26,488
2024,7,31,15,30,26.700000000000003,449
2024,7,31,16,30,28.200000000000003,526
2024,7,31,17,30,29.6,552
2024,7,31,18,30,30.400000000000002,378
2024,7,31,19,30,30.8,685
2024,7,31,20,30,30.900000000000002,462
2024,7,31,21,30,30.5,216
2024,7,31,22,30,29.200000000000003,187
2024,7,31,23,30,27.3,50
2024,8,1,0,30,26.1,0
2024,8,1,1,30,25.5,0
2024,8,1,2,30,24.900000000000002,0
2024,8,1,3,30,24.200000000000003,0
2024,8,1,4,30,23.6,0
2024,8,1,5,30,23.1,0
2024,8,1,6,30,22.8,0
2024,8,1,7,30,22.700000000000003,0
2024,8,1,8,30,22.8,0
2024,8,1,9,30,23.1,0
2024,8,1,10,30,24.400000000000002,46
2024,8,1,11,30,26.900000000000002,199
2024,8,1,12,30,29.8,378
2024,8,1,13,30,32,552
2024,8,1,14,30,33.2,703
2024,8,1,15,30,33.9,814
2024,8,1,16,30,34,870
2024,8,1,17,30,33.9,850
2024,8,1,18,30,33.800000000000004,664
2024,8,1,19,30,33.6,327
2024,8,1,20,30,33.300000000000004,231
2024,8,1,21,30,32.6,377
2024,8,1,22,30,31.200000000000003,216
2024,8,1,23,30,29.3,57
2024,8,2,0,30,27.8,0
2024,8,2,1,30,26.900000000000002,0
2024,8,2,2,30,26.3,0
2024,8,2,3,30,26,0
2024,8,2,4,30,25.700000000000003,0
2024,8,2,5,30,25.3,0
2024,8,2,6,30,24.900000000000002,0
2024,8,2,7,30,24.5,0
2024,8,2,8,30,24.200000000000003,0
2024,8,2,9,30,24.200000000000003,0
2024,8,2,10,30,25,45
2024,8,2,11,30,26.700000000000003,199
2024,8,2,12,30,28.5,380
2024,8,2,13,30,29.6,530
2024,8,2,14,30,30.3,473
2024,8,2,15,30,30.8,611
2024,8,2,16,30,30.900000000000002,619
2024,8,2,17,30,31.3,715
2024,8,2,18,30,31.700000000000003,784
2024,8,2,19,30,31.8,449
2024,8,2,20,30,31.3,345
2024,8,2,21,30,30.200000000000003,66
2024,8,2,22,30,28.5,16
2024,8,2,23,30,26.8,27
2024,8,3,0,30,25.700000000000003,0
2024,8,3,1,30,25.3,0
2024,8,3,2,30,24.900000000000002,0
2024,8,3,3,30,24.6,0
2024,8,3,4,30,24.3,0
2024,8,3,5,30,24.1,0
2024,8,3,6,30,23.900000000000002,0
2024,8,3,7,30,23.700000000000003,0
2024,8,3,8,30,23.3,0
2024,8,3,9,30,23.3,0
2024,8,3,10,30,24.200000000000003,36
2024,8,3,11,30,25.1,196
2024,8,3,12,30,26.6,379
2024,8,3,13,30,28.6,558
2024,8,3,14,30,30,702
2024,8,3,15,30,30.900000000000002,690
2024,8,3,16,30,31.3,819
2024,8,3,17,30,31.200000000000003,817
2024,8,3,18,30,31,777
2024,8,3,19,30,30.700000000000003,644
2024,8,3,20,30,29.900000000000002,559
2024,8,3,21,30,28.6,257
2024,8,3,22,30,27.1,86
2024,8,3,23,30,25.700000000000003,43
2024,8,4,0,30,24.900000000000002,0
2024,8,4,1,30,24.400000000000002,0
2024,8,4,2,30,24,0
2024,8,4,3,30,23.6,0
2024,8,4,4,30,23.400000000000002,0
2024,8,4,5,30,23.3,0
2024,8,4,6,30,23.1,0
2024,8,4,7,30,23,0
2024,8,4,8,30,22.8,0
2024,8,4,9,30,22.900000000000002,0
2024,8,4,10,30,23.1,35
2024,8,4,11,30,23.6,81
2024,8,4,12,30,24.200000000000003,161
2024,8,4,13,30,24.700000000000003,260
2024,8,4,14,30,25.5,208
2024,8,4,15,30,26.1,197
2024,8,4,16,30,26.900000000000002,389
2024,8,4,17,30,28.3,473
2024,8,4,18,30,29.6,365
2024,8,4,19,30,30.200000000000003,502
2024,8,4,20,30,29.900000000000002,293
2024,8,4,21,30,29,280
2024,8,4,22,30,27.5,123
2024,8,4,23,30,25.6,13
2024,8,5,0,30,24.3,0
2024,8,5,1,30,23.700000000000003,0
2024,8,5,2,30,23.1,0
2024,8,5,3,30,22.700000000000003,0
2024,8,5,4,30,22.400000000000002,0
2024,8,5,5,30,22.200000000000003,0
2024,8,5,6,30,21.8,0
2024,8,5,7,30,21.400000000000002,0
2024,8,5,8,30,21,0
2024,8,5,9,30,21.1,0
2024,8,5,10,30,22.200000000000003,43
2024,8,5,11,30,24.200000000000003,200
2024,8,5,12,30,27.400000000000002,387
2024,8,5,13,30,30.3,566
2024,8,5,14,30,31.6,719
2024,8,5,15,30,32.300000000000004,827
2024,8,5,16,30,32.7,799
2024,8,5,17,30,32.9,863
2024,8,5,18,30,32.9,819
2024,8,5,19,30,32.4,641
2024,8,5,20,30,31.6,445
2024,8,5,21,30,30.3,196
2024,8,5,22,30,28.400000000000002,154
2024,8,5,23,30,26.200000000000003,38
2024,8,6,0,30,24.8,0
2024,8,6,1,30,24.3,0
2024,8,6,2,30,24.1,0
2024,8,6,3,30,23.700000000000003,0
2024,8,6,4,30,23.400000000000002,0
2024,8,6,5,30,23.200000000000003,0
2024,8,6,6,30,23,0
2024,8,6,7,30,23,0
2024,8,6,8,30,22.900000000000002,0
2024,8,6,9,30,23.1,0
2024,8,6,10,30,24.200000000000003,34
2024,8,6,11,30,26.200000000000003,183
2024,8,6,12,30,28.200000000000003,363
2024,8,6,13,30,29.900000000000002,538
2024,8,6,14,30,31,688
2024,8,6,15,30,31.700000000000003,798
2024,8,6,16,30,32.2,856
2024,8,6,17,30,32.4,443
2024,8,6,18,30,32.5,64
2024,8,6,19,30,32.5,147
2024,8,6,20,30,31.6,61
2024,8,6,21,30,29.900000000000002,58
2024,8,6,22,30,27.8,8
2024,8,6,23,30,25.8,37
2024,8,7,0,30,24.5,0
2024,8,7,1,30,23.900000000000002,0
2024,8,7,2,30,23.400000000000002,0
2024,8,7,3,30,23.1,0
2024,8,7,4,30,22.700000000000003,0
2024,8,7,5,30,22.400000000000002,0
2024,8,7,6,30,22.200000000000003,0
2024,8,7,7,30,22.1,0
2024,8,7,8,30,22.1,0
2024,8,7,9,30,22.200000000000003,0
2024,8,7,10,30,22.3,29
2024,8,7,11,30,22.200000000000003,9
2024,8,7,12,30,21.8,61
2024,8,7,13,30,21.5,75
2024,8,7,14,30,22.200000000000003,486
2024,8,7,15,30,23.1,263
2024,8,7,16,30,23.6,369
2024,8,7,17,30,23.700000000000003,135
2024,8,7,18,30,23.3,172
2024,8,7,19,30,22.3,198
2024,8,7,20,30,21.400000000000002,79
2024,8,7,21,30,20.8,47
2024,8,7,22,30,20.400000000000002,58
2024,8,7,23,30,20,38
2024,8,8,0,30,19.8,0
2024,8,8,1,30,19.6,0
2024,8,8,2,30,19.400000000000002,0
2024,8,8,3,30,19.3,0
2024,8,8,4,30,19.200000000000003,0
2024,8,8,5,30,19.1,0
2024,8,8,6,30,19.1,0
2024,8,8,7,30,19,0
2024,8,8,8,30,19,0
2024,8,8,9,30,19,0
2024,8,8,10,30,19.3,19
2024,8,8,11,30,20,28
2024,8,8,12,30,20.900000000000002,35
2024,8,8,13,30,21.900000000000002,85
2024,8,8,14,30,22.6,159
2024,8,8,15,30,23.3,145
2024,8,8,16,30,24.200000000000003,119
2024,8,8,17,30,25,126
2024,8,8,18,30,25.200000000000003,149
2024,8,8,19,30,24.700000000000003,191
2024,8,8,20,30,24,86
2024,8,8,21,30,23.400000000000002,84
2024,8,8,22,30,22.900000000000002,64
2024,8,8,23,30,22.400000000000002,21
2024,8,9,0,30,22.200000000000003,0
2024,8,9,1,30,22.3,0
2024,8,9,2,30,22.400000000000002,0
2024,8,9,3,30,22.6,0
2024,8,9,4,30,22.900000000000002,0
2024,8,9,5,30,23,0
2024,8,9,6,30,23.1,0
2024,8,9,7,30,23.3,0
2024,8,9,8,30,23.6,0
2024,8,9,9,30,23.900000000000002,0
2024,8,9,10,30,24.3,29
2024,8,9,11,30,25,76
2024,8,9,12,30,25.8,148
2024,8,9,13,30,26.700000000000003,274
2024,8,9,14,30,27.700000000000003,332
2024,8,9,15,30,28.6,428
2024,8,9,16,30,28.900000000000002,319
2024,8,9,17,30,28.700000000000003,276
2024,8,9,18,30,28.3,206
2024,8,9,19,30,27.5,179
2024,8,9,20,30,26.700000000000003,224
2024,8,9,21,30,25.900000000000002,181
2024,8,9,22,30,25.3,27
2024,8,9,23,30,24.900000000000002,4
2024,8,10,0,30,24.6,0
2024,8,10,1,30,24.400000000000002,0
2024,8,10,2,30,24.200000000000003,0
2024,8,10,3,30,23.900000000000002,0
2024,8,10,4,30,23.6,0
2024,8,10,5,30,23.400000000000002,0
2024,8,10,6,30,23.200000000000003,0
2024,8,10,7,30,22.8,0
2024,8,10,8,30,22.400000000000002,0
2024,8,10,9,30,22,0
2024,8,10,10,30,22.200000000000003,36
2024,8,10,11,30,23.1,195
2024,8,10,12,30,24.5,388
2024,8,10,13,30,25.8,523
2024,8,10,14,30,26.8,730
2024,8,10,15,30,27.5,839
2024,8,10,16,30,28.1,895
2024,8,10,17,30,28.400000000000002,892
2024,8,10,18,30,28.5,832
2024,8,10,19,30,28.200000000000003,718
2024,8,10,20,30,27.6,573
2024,8,10,21,30,26.700000000000003,368
2024,8,10,22,30,25.3,196
2024,8,10,23,30,24.1,31
2024,8,11,0,30,23.400000000000002,0
2024,8,11,1,30,22.700000000000003,0
2024,8,11,2,30,21.8,0
2024,8,11,3,30,20.900000000000002,0
2024,8,11,4,30,20.200000000000003,0
2024,8,11,5,30,19.6,0
2024,8,11,6,30,19.1,0
2024,8,11,7,30,18.8,0
2024,8,11,8,30,18.5,0
2024,8,11,9,30,18.6,0
2024,8,11,10,30,19.400000000000002,32
2024,8,11,11,30,21.3,169
2024,8,11,12,30,23.6,331
2024,8,11,13,30,25.200000000000003,416
2024,8,11,14,30,26.1,381
2024,8,11,15,30,26.6,307
2024,8,11,16,30,27,235
2024,8,11,17,30,27.200000000000003,744
2024,8,11,18,30,27.200000000000003,838
2024,8,11,19,30,26.900000000000002,729
2024,8,11,20,30,26.3,580
2024,8,11,21,30,25.400000000000002,400
2024,8,11,22,30,23.700000000000003,203
2024,8,11,23,30,21.900000000000002,42
2024,8,12,0,30,21,0
2024,8,12,1,30,20.5,0
2024,8,12,2,30,19.900000000000002,0
2024,8,12,3,30,19.5,0
2024,8,12,4,30,19,0
2024,8,12,5,30,18.400000000000002,0
2024,8,12,6,30,17.900000000000002,0
2024,8,12,7,30,17.3,0
2024,8,12,8,30,16.8,0
2024,8,12,9,30,16.900000000000002,0
2024,8,12,10,30,18.3,31
2024,8,12,11,30,20.6,198
2024,8,12,12,30,22.900000000000002,390
2024,8,12,13,30,24.400000000000002,573
2024,8,12,14,30,25.400000000000002,730
2024,8,12,15,30,26.1,845
2024,8,12,16,30,26.6,875
2024,8,12,17,30,26.5,605
2024,8,12,18,30,26.3,760
2024,8,12,19,30,26,540
2024,8,12,20,30,25.5,461
2024,8,12,21,30,24.8,341
2024,8,12,22,30,23.400000000000002,206
2024,8,12,23,30,21.700000000000003,44
2024,8,13,0,30,20.6,0
2024,8,13,1,30,20,0
2024,8,13,2,30,19.3,0
2024,8,13,3,30,18.6,0
2024,8,13,4,30,18,0
2024,8,13,5,30,17.3,0
2024,8,13,6,30,16.7,0
2024,8,13,7,30,16.3,0
2024,8,13,8,30,15.9,0
2024,8,13,9,30,15.9,0
2024,8,13,10,30,17.1,37
2024,8,13,11,30,19.5,202
2024,8,13,12,30,21.8,398
2024,8,13,13,30,23.5,584
2024,8,13,14,30,24.700000000000003,741
2024,8,13,15,30,25.700000000000003,831
2024,8,13,16,30,26.5,696
2024,8,13,17,30,26.700000000000003,770
2024,8,13,18,30,26.700000000000003,785
2024,8,13,19,30,26.400000000000002,683
2024,8,13,20,30,25.900000000000002,547
2024,8,13,21,30,25.5,398
2024,8,13,22,30,24.1,206
2024,8,13,23,30,22.200000000000003,42
2024,8,14,0,30,21.200000000000003,0
2024,8,14,1,30,20.700000000000003,0
2024,8,14,2,30,20.200000000000003,0
2024,8,14,3,30,20,0
2024,8,14,4,30,19.700000000000003,0
2024,8,14,5,30,19.3,0
2024,8,14,6,30,19,0
2024,8,14,7,30,18.5,0
2024,8,14,8,30,18.1,0
2024,8,14,9,30,18,0
2024,8,14,10,30,18.7,24
2024,8,14,11,30,20.6,173
2024,8,14,12,30,23.1,362
2024,8,14,13,30,25.200000000000003,548
2024,8,14,14,30,26.5,708
2024,8,14,15,30,27.5,827
2024,8,14,16,30,28.200000000000003,799
2024,8,14,17,30,28.6,805
2024,8,14,18,30,28.900000000000002,661
2024,8,14,19,30,28.900000000000002,693
2024,8,14,20,30,28.700000000000003,563
2024,8,14,21,30,27.700000000000003,382
2024,8,14,22,30,25.8,138
2024,8,14,23,30,23.8,29
2024,8,15,0,30,22.6,0
2024,8,15,1,30,22,0
2024,8,15,2,30,21.5,0
2024,8,15,3,30,21,0
2024,8,15,4,30,20.5,0
2024,8,15,5,30,19.900000000000002,0
2024,8,15,6,30,19.400000000000002,0
2024,8,15,7,30,18.900000000000002,0
2024,8,15,8,30,18.5,0
2024,8,15,9,30,18.2,0
2024,8,15,10,30,18.900000000000002,22
2024,8,15,11,30,20.6,168
2024,8,15,12,30,23.3,353
2024,8,15,13,30,25.900000000000002,534
2024,8,15,14,30,27.5,689
2024,8,15,15,30,28.6,803
2024,8,15,16,30,29.3,822
2024,8,15,17,30,29.8,857
2024,8,15,18,30,30.1,792
2024,8,15,19,30,30.400000000000002,682
2024,8,15,20,30,30.5,526
2024,8,15,21,30,29.3,347
2024,8,15,22,30,26.8,163
2024,8,15,23,30,24.700000000000003,21
2024,8,16,0,30,23.6,0
2024,8,16,1,30,22.8,0
2024,8,16,2,30,22,0
2024,8,16,3,30,21.400000000000002,0
2024,8,16,4,30,20.8,0
2024,8,16,5,30,20.3,0
2024,8,16,6,30,19.8,0
2024,8,16,7,30,19.400000000000002,0
2024,8,16,8,30,19.1,0
2024,8,16,9,30,19,0
2024,8,16,10,30,19.700000000000003,19
2024,8,16,11,30,21.5,159
2024,8,16,12,30,24.400000000000002,339
2024,8,16,13,30,27.1,516
2024,8,16,14,30,28.8,672
2024,8,16,15,30,29.8,786
2024,8,16,16,30,30.5,845
2024,8,16,17,30,30.700000000000003,840
2024,8,16,18,30,30.700000000000003,746
2024,8,16,19,30,30.3,658
2024,8,16,20,30,29.3,517
2024,8,16,21,30,27.8,343
2024,8,16,22,30,25.700000000000003,160
2024,8,16,23,30,24,22
2024,8,17,0,30,23.1,0
2024,8,17,1,30,22.5,0
2024,8,17,2,30,22.1,0
2024,8,17,3,30,21.900000000000002,0
2024,8,17,4,30,21.700000000000003,0
2024,8,17,5,30,21.3,0
2024,8,17,6,30,21,0
2024,8,17,7,30,20.8,0
2024,8,17,8,30,20.700000000000003,0
2024,8,17,9,30,20.900000000000002,0
2024,8,17,10,30,22,2
2024,8,17,11,30,23.6,138
2024,8,17,12,30,25,319
2024,8,17,13,30,26.200000000000003,391
2024,8,17,14,30,26.6,287
2024,8,17,15,30,26.400000000000002,241
2024,8,17,16,30,26.1,216
2024,8,17,17,30,26.1,190
2024,8,17,18,30,26.1,172
2024,8,17,19,30,25.700000000000003,111
2024,8,17,20,30,24.8,102
2024,8,17,21,30,23.8,62
2024,8,17,22,30,22.8,44
2024,8,17,23,30,22,3
2024,8,18,0,30,21.5,0
2024,8,18,1,30,21.1,0
2024,8,18,2,30,21,0
2024,8,18,3,30,21.200000000000003,0
2024,8,18,4,30,21.5,0
2024,8,18,5,30,21.8,0
2024,8,18,6,30,22,0
2024,8,18,7,30,22.200000000000003,0
2024,8,18,8,30,22.200000000000003,0
2024,8,18,9,30,22.200000000000003,0
2024,8,18,10,30,22.200000000000003,15
2024,8,18,11,30,22.400000000000002,56
2024,8,18,12,30,22.8,204
2024,8,18,13,30,23.6,346
2024,8,18,14,30,24.700000000000003,452
2024,8,18,15,30,26,784
2024,8,18,16,30,27.200000000000003,845
2024,8,18,17,30,27.900000000000002,800
2024,8,18,18,30,27.900000000000002,539
2024,8,18,19,30,27.3,540
2024,8,18,20,30,26.700000000000003,390
2024,8,18,21,30,25.900000000000002,278
2024,8,18,22,30,25,43
2024,8,18,23,30,24.200000000000003,19
2024,8,19,0,30,23.8,0
2024,8,19,1,30,23.5,0
2024,8,19,2,30,23.3,0
2024,8,19,3,30,23,0
2024,8,19,4,30,22.700000000000003,0
2024,8,19,5,30,22.400000000000002,0
2024,8,19,6,30,22.200000000000003,0
2024,8,19,7,30,22.200000000000003,0
2024,8,19,8,30,22,0
2024,8,19,9,30,21.900000000000002,0
2024,8,19,10,30,22.200000000000003,19
2024,8,19,11,30,24.700000000000003,125
2024,8,19,12,30,26.700000000000003,276
2024,8,19,13,30,26.8,521
2024,8,19,14,30,27.3,584
2024,8,19,15,30,28.200000000000003,468
2024,8,19,16,30,28.6,685
2024,8,19,17,30,28.6,790
2024,8,19,18,30,28.5,799
2024,8,19,19,30,28.200000000000003,273
2024,8,19,20,30,27.6,467
2024,8,19,21,30,26.6,341
2024,8,19,22,30,25.200000000000003,159
2024,8,19,23,30,23.8,20
2024,8,20,0,30,22.400000000000002,0
2024,8,20,1,30,20.5,0
2024,8,20,2,30,19.200000000000003,0
2024,8,20,3,30,18.7,0
2024,8,20,4,30,18.400000000000002,0
2024,8,20,5,30,18,0
2024,8,20,6,30,17.7,0
2024,8,20,7,30,17.400000000000002,0
2024,8,20,8,30,16.8,0
2024,8,20,9,30,16.2,0
2024,8,20,10,30,16.2,23
2024,8,20,11,30,16.900000000000002,182
2024,8,20,12,30,18,378
2024,8,20,13,30,19.200000000000003,567
2024,8,20,14,30,20.3,728
2024,8,20,15,30,21.200000000000003,844
2024,8,20,16,30,22,906
2024,8,20,17,30,22.5,908
2024,8,20,18,30,22.700000000000003,849
2024,8,20,19,30,22.6,735
2024,8,20,20,30,22.1,577
2024,8,20,21,30,21.1,374
2024,8,20,22,30,19.400000000000002,190
2024,8,20,23,30,17.400000000000002,26
2024,8,21,0,30,16.3,0
2024,8,21,1,30,15.5,0
2024,8,21,2,30,14.9,0
2024,8,21,3,30,14.5,0
2024,8,21,4,30,14,0
2024,8,21,5,30,13.5,0
2024,8,21,6,30,13.200000000000001,0
2024,8,21,7,30,13,0
2024,8,21,8,30,12.700000000000001,0
2024,8,21,9,30,12.600000000000001,0
2024,8,21,10,30,13.4,23
2024,8,21,11,30,15.600000000000001,184
2024,8,21,12,30,17.900000000000002,382
2024,8,21,13,30,19.6,571
2024,8,21,14,30,20.900000000000002,728
2024,8,21,15,30,21.8,838
2024,8,21,16,30,22.5,793
2024,8,21,17,30,22.900000000000002,666
2024,8,21,18,30,23,827
2024,8,21,19,30,22.8,271
2024,8,21,20,30,22.200000000000003,528
2024,8,21,21,30,21.200000000000003,370
2024,8,21,22,30,19.5,177
2024,8,21,23,30,17.6,22
2024,8,22,0,30,16.6,0
2024,8,22,1,30,15.9,0
2024,8,22,2,30,15.3,0
2024,8,22,3,30,14.8,0
2024,8,22,4,30,14.4,0
2024,8,22,5,30,13.8,0
2024,8,22,6,30,13.5,0
2024,8,22,7,30,13.3,0
2024,8,22,8,30,13.100000000000001,0
2024,8,22,9,30,13.100000000000001,0
2024,8,22,10,30,14.3,21
2024,8,22,11,30,16.8,177
2024,8,22,12,30,19.5,373
2024,8,22,13,30,21.700000000000003,560
2024,8,22,14,30,23.1,717
2024,8,22,15,30,24,829
2024,8,22,16,30,24.6,885
2024,8,22,17,30,24.700000000000003,626
2024,8,22,18,30,24.6,288
2024,8,22,19,30,24.5,133
2024,8,22,20,30,24.1,120
2024,8,22,21,30,23.200000000000003,287
2024,8,22,22,30,21.400000000000002,173
2024,8,22,23,30,19.6,20
2024,8,23,0,30,18.8,0
2024,8,23,1,30,18.1,0
2024,8,23,2,30,17.5,0
2024,8,23,3,30,17,0
2024,8,23,4,30,16.5,0
2024,8,23,5,30,16,0
2024,8,23,6,30,15.600000000000001,0
2024,8,23,7,30,15.200000000000001,0
2024,8,23,8,30,14.700000000000001,0
2024,8,23,9,30,14.5,0
2024,8,23,10,30,15.700000000000001,19
2024,8,23,11,30,18.1,172
2024,8,23,12,30,21.200000000000003,367
2024,8,23,13,30,23.900000000000002,555
2024,8,23,14,30,25.200000000000003,712
2024,8,23,15,30,26,825
2024,8,23,16,30,26.700000000000003,882
2024,8,23,17,30,27.1,879
2024,8,23,18,30,27.200000000000003,819
2024,8,23,19,30,27.200000000000003,704
2024,8,23,20,30,27.6,545
2024,8,23,21,30,27,359
2024,8,23,22,30,25,166
2024,8,23,23,30,23.200000000000003,17
2024,8,24,0,30,21.900000000000002,0
2024,8,24,1,30,21,0
2024,8,24,2,30,20.200000000000003,0
2024,8,24,3,30,19.5,0
2024,8,24,4,30,18.7,0
2024,8,24,5,30,17.900000000000002,0
2024,8,24,6,30,17.2,0
2024,8,24,7,30,16.8,0
2024,8,24,8,30,16.7,0
2024,8,24,9,30,16.7,0
2024,8,24,10,30,17.8,14
2024,8,24,11,30,20,159
2024,8,24,12,30,22.6,348
2024,8,24,13,30,24.900000000000002,534
2024,8,24,14,30,26.3,593
2024,8,24,15,30,27.1,787
2024,8,24,16,30,27.700000000000003,839
2024,8,24,17,30,28.1,840
2024,8,24,18,30,28.200000000000003,679
2024,8,24,19,30,28.400000000000002,666
2024,8,24,20,30,28.700000000000003,511
2024,8,24,21,30,27.5,329
2024,8,24,22,30,24.8,144
2024,8,24,23,30,22.5,11
2024,8,25,0,30,20.900000000000002,0
2024,8,25,1,30,19.700000000000003,0
2024,8,25,2,30,18.8,0
2024,8,25,3,30,18.1,0
2024,8,25,4,30,17.5,0
2024,8,25,5,30,17,0
2024,8,25,6,30,16.6,0
2024,8,25,7,30,16.3,0
2024,8,25,8,30,16.2,0
2024,8,25,9,30,16.3,0
2024,8,25,10,30,17,11
2024,8,25,11,30,18.6,118
2024,8,25,12,30,21.200000000000003,280
2024,8,25,13,30,24.400000000000002,510
2024,8,25,14,30,26.700000000000003,664
2024,8,25,15,30,27.900000000000002,774
2024,8,25,16,30,28.700000000000003,834
2024,8,25,17,30,29.3,836
2024,8,25,18,30,29.6,667
2024,8,25,19,30,30.1,431
2024,8,25,20,30,30.200000000000003,450
2024,8,25,21,30,28.700000000000003,167
2024,8,25,22,30,26.1,144
2024,8,25,23,30,23.700000000000003,11
2024,8,26,0,30,22.1,0
2024,8,26,1,30,21.200000000000003,0
2024,8,26,2,30,20.6,0
2024,8,26,3,30,20,0
2024,8,26,4,30,19.5,0
2024,8,26,5,30,19.1,0
2024,8,26,6,30,18.8,0
2024,8,26,7,30,18.400000000000002,0
2024,8,26,8,30,18.2,0
2024,8,26,9,30,18.2,0
2024,8,26,10,30,18.8,11
2024,8,26,11,30,20.3,144
2024,8,26,12,30,22.700000000000003,306
2024,8,26,13,30,25.700000000000003,414
2024,8,26,14,30,28,671
2024,8,26,15,30,29.400000000000002,788
2024,8,26,16,30,30,818
2024,8,26,17,30,30.3,320
2024,8,26,18,30,30.400000000000002,537
2024,8,26,19,30,30.8,628
2024,8,26,20,30,30.5,507
2024,8,26,21,30,28.6,323
2024,8,26,22,30,26.1,142
2024,8,26,23,30,24.200000000000003,10
2024,8,27,0,30,23,0
2024,8,27,1,30,22,0
2024,8,27,2,30,21.200000000000003,0
2024,8,27,3,30,20.6,0
2024,8,27,4,30,20.1,0
2024,8,27,5,30,19.6,0
2024,8,27,6,30,19.200000000000003,0
2024,8,27,7,30,18.900000000000002,0
2024,8,27,8,30,18.6,0
2024,8,27,9,30,18.5,0
2024,8,27,10,30,19.3,13
2024,8,27,11,30,21.3,154
2024,8,27,12,30,23.900000000000002,345
2024,8,27,13,30,26.400000000000002,531
2024,8,27,14,30,28,689
2024,8,27,15,30,29.200000000000003,803
2024,8,27,16,30,30.1,859
2024,8,27,17,30,30.6,815
2024,8,27,18,30,30.700000000000003,766
2024,8,27,19,30,30.700000000000003,662
2024,8,27,20,30,30.8,515
2024,8,27,21,30,29.8,330
2024,8,27,22,30,26.8,142
2024,8,27,23,30,24.1,9
2024,8,28,0,30,22.700000000000003,0
2024,8,28,1,30,22.1,0
2024,8,28,2,30,21.8,0
2024,8,28,3,30,21.6,0
2024,8,28,4,30,21.5,0
2024,8,28,5,30,21.400000000000002,0
2024,8,28,6,30,21.6,0
2024,8,28,7,30,21.5,0
2024,8,28,8,30,21.400000000000002,0
2024,8,28,9,30,21.3,0
2024,8,28,10,30,21.700000000000003,8
2024,8,28,11,30,23.1,112
2024,8,28,12,30,25.400000000000002,190
2024,8,28,13,30,27.8,364
2024,8,28,14,30,30.1,635
2024,8,28,15,30,32,750
2024,8,28,16,30,33.1,545
2024,8,28,17,30,34,788
2024,8,28,18,30,34.4,771
2024,8,28,19,30,34.2,657
2024,8,28,20,30,33.4,500
2024,8,28,21,30,31.900000000000002,316
2024,8,28,22,30,29.6,134
2024,8,28,23,30,27.5,8
2024,8,29,0,30,26.400000000000002,0
2024,8,29,1,30,25.8,0
2024,8,29,2,30,25.200000000000003,0
2024,8,29,3,30,24.8,0
2024,8,29,4,30,24.3,0
2024,8,29,5,30,23.8,0
2024,8,29,6,30,23.200000000000003,0
2024,8,29,7,30,22.5,0
2024,8,29,8,30,21.700000000000003,0
2024,8,29,9,30,20.8,0
2024,8,29,10,30,20.5,9
2024,8,29,11,30,21.400000000000002,62
2024,8,29,12,30,22.900000000000002,324
2024,8,29,13,30,24.5,505
2024,8,29,14,30,25.900000000000002,662
2024,8,29,15,30,27,741
2024,8,29,16,30,27.700000000000003,778
2024,8,29,17,30,28,827
2024,8,29,18,30,27.6,730
2024,8,29,19,30,26.8,429
2024,8,29,20,30,25.700000000000003,277
2024,8,29,21,30,24.200000000000003,144
2024,8,29,22,30,22.400000000000002,53
2024,8,29,23,30,21,6
2024,8,30,0,30,20.3,0
2024,8,30,1,30,19.900000000000002,0
2024,8,30,2,30,19.700000000000003,0
2024,8,30,3,30,19.400000000000002,0
2024,8,30,4,30,19.3,0
2024,8,30,5,30,19.200000000000003,0
2024,8,30,6,30,19.1,0
2024,8,30,7,30,18.8,0
2024,8,30,8,30,18.5,0
2024,8,30,9,30,18.2,0
2024,8,30,10,30,17.900000000000002,5
2024,8,30,11,30,17.900000000000002,27
2024,8,30,12,30,18.2,160
2024,8,30,13,30,19,430
2024,8,30,14,30,20.1,200
2024,8,30,15,30,20.900000000000002,126
2024,8,30,16,30,21.5,163
2024,8,30,17,30,21.6,229
2024,8,30,18,30,21.400000000000002,271
2024,8,30,19,30,21.200000000000003,324
2024,8,30,20,30,21,284
2024,8,30,21,30,20.6,252
2024,8,30,22,30,19.8,109
2024,8,30,23,30,19.1,3
2024,8,31,0,30,18.8,0
2024,8,31,1,30,18.8,0
2024,8,31,2,30,18.6,0
2024,8,31,3,30,18.400000000000002,0
2024,8,31,4,30,18.2,0
2024,8,31,5,30,18,0
2024,8,31,6,30,17.900000000000002,0
2024,8,31,7,30,17.900000000000002,0
2024,8,31,8,30,17.900000000000002,0
2024,8,31,9,30,18.1,0
2024,8,31,10,30,19.400000000000002,8
2024,8,31,11,30,21.400000000000002,80
2024,8,31,12,30,22.8,312
2024,8,31,13,30,24,430
2024,8,31,14,30,25.1,110
2024,8,31,15,30,26.3,610
2024,8,31,16,30,27.3,459
2024,8,31,17,30,27.900000000000002,583
2024,8,31,18,30,28,297
2024,8,31,19,30,27.6,528
2024,8,31,20,30,27,206
2024,8,31,21,30,26.1,199
2024,8,31,22,30,24.700000000000003,93
2024,8,31,23,30,23.400000000000002,3
2024,9,1,0,30,22.700000000000003,0
2024,9,1,1,30,22.200000000000003,0
2024,9,1,2,30,21.8,0
2024,9,1,3,30,21.6,0
2024,9,1,4,30,21.400000000000002,0
2024,9,1,5,30,21.3,0
2024,9,1,6,30,21.1,0
2024,9,1,7,30,21,0
2024,9,1,8,30,20.900000000000002,0
2024,9,1,9,30,20.900000000000002,0
2024,9,1,10,30,21.3,6
2024,9,1,11,30,21.900000000000002,20
2024,9,1,12,30,22.700000000000003,120
2024,9,1,13,30,23.5,222
2024,9,1,14,30,24.200000000000003,220
2024,9,1,15,30,25.3,244
2024,9,1,16,30,26.400000000000002,301
2024,9,1,17,30,27.3,266
2024,9,1,18,30,27.700000000000003,314
2024,9,1,19,30,27.700000000000003,534
2024,9,1,20,30,27.5,440
2024,9,1,21,30,27.1,256
2024,9,1,22,30,25.6,115
2024,9,1,23,30,24.1,4
2024,9,2,0,30,23.400000000000002,0
2024,9,2,1,30,22.8,0
2024,9,2,2,30,22,0
2024,9,2,3,30,21.5,0
2024,9,2,4,30,21.200000000000003,0
2024,9,2,5,30,20.8,0
2024,9,2,6,30,20.400000000000002,0
2024,9,2,7,30,19.8,0
2024,9,2,8,30,19.400000000000002,0
2024,9,2,9,30,19.1,0
2024,9,2,10,30,19,7
2024,9,2,11,30,19.3,66
2024,9,2,12,30,20.3,167
2024,9,2,13,30,21.900000000000002,398
2024,9,2,14,30,23.6,588
2024,9,2,15,30,25,807
2024,9,2,16,30,25.900000000000002,874
2024,9,2,17,30,26.3,852
2024,9,2,18,30,26.400000000000002,795
2024,9,2,19,30,26,682
2024,9,2,20,30,25.3,517
2024,9,2,21,30,24,320
2024,9,2,22,30,22.1,130
2024,9,2,23,30,20.200000000000003,2
2024,9,3,0,30,18.8,0
2024,9,3,1,30,17.7,0
2024,9,3,2,30,16.7,0
2024,9,3,3,30,15.8,0
2024,9,3,4,30,15,0
2024,9,3,5,30,14.3,0
2024,9,3,6,30,13.8,0
2024,9,3,7,30,13.4,0
2024,9,3,8,30,12.9,0
2024,9,3,9,30,12.4,0
2024,9,3,10,30,13.100000000000001,9
2024,9,3,11,30,15.3,156
2024,9,3,12,30,17.8,358
2024,9,3,13,30,19.700000000000003,552
2024,9,3,14,30,21,712
2024,9,3,15,30,22.1,823
2024,9,3,16,30,23.1,879
2024,9,3,17,30,23.8,871
2024,9,3,18,30,24.1,802
2024,9,3,19,30,24.200000000000003,680
2024,9,3,20,30,24.200000000000003,514
2024,9,3,21,30,23.3,320
2024,9,3,22,30,21.200000000000003,124
2024,9,3,23,30,19.1,2
2024,9,4,0,30,17.900000000000002,0
2024,9,4,1,30,16.900000000000002,0
2024,9,4,2,30,16.3,0
2024,9,4,3,30,16,0
2024,9,4,4,30,15.9,0
2024,9,4,5,30,15.9,0
2024,9,4,6,30,15.700000000000001,0
2024,9,4,7,30,15.200000000000001,0
2024,9,4,8,30,14.5,0
2024,9,4,9,30,13.700000000000001,0
2024,9,4,10,30,14.3,5
2024,9,4,11,30,16.7,139
2024,9,4,12,30,19.700000000000003,331
2024,9,4,13,30,22.1,518
2024,9,4,14,30,23.5,679
2024,9,4,15,30,24.5,796
2024,9,4,16,30,25.200000000000003,850
2024,9,4,17,30,25.6,837
2024,9,4,18,30,25.5,761
2024,9,4,19,30,25.200000000000003,644
2024,9,4,20,30,24.400000000000002,489
2024,9,4,21,30,22.8,308
2024,9,4,22,30,20,118
2024,9,4,23,30,17.7,2
2024,9,5,0,30,16.7,0
2024,9,5,1,30,16.1,0
2024,9,5,2,30,15.8,0
2024,9,5,3,30,16,0
2024,9,5,4,30,16.2,0
2024,9,5,5,30,16.1,0
2024,9,5,6,30,16,0
2024,9,5,7,30,15.8,0
2024,9,5,8,30,15.5,0
2024,9,5,9,30,14.8,0
2024,9,5,10,30,15.700000000000001,6
2024,9,5,11,30,18.2,143
2024,9,5,12,30,20.400000000000002,339
2024,9,5,13,30,22.1,527
2024,9,5,14,30,23.5,683
2024,9,5,15,30,24.6,794
2024,9,5,16,30,25.200000000000003,848
2024,9,5,17,30,25.5,843
2024,9,5,18,30,25.3,781
2024,9,5,19,30,24.700000000000003,661
2024,9,5,20,30,23.900000000000002,497
2024,9,5,21,30,22.700000000000003,306
2024,9,5,22,30,20.400000000000002,114
2024,9,5,23,30,18.3,0
2024,9,6,0,30,17.400000000000002,0
2024,9,6,1,30,17,0
2024,9,6,2,30,16.6,0
2024,9,6,3,30,16.400000000000002,0
2024,9,6,4,30,16.2,0
2024,9,6,5,30,16.2,0
2024,9,6,6,30,16.3,0
2024,9,6,7,30,16.6,0
2024,9,6,8,30,16.8,0
2024,9,6,9,30,16.7,0
2024,9,6,10,30,17.1,5
2024,9,6,11,30,18.8,88
2024,9,6,12,30,20.8,286
2024,9,6,13,30,22.8,464
2024,9,6,14,30,24.5,646
2024,9,6,15,30,25.8,701
2024,9,6,16,30,26.700000000000003,293
2024,9,6,17,30,27.200000000000003,132
2024,9,6,18,30,27.200000000000003,390
2024,9,6,19,30,26.900000000000002,570
2024,9,6,20,30,26.1,360
2024,9,6,21,30,24.700000000000003,278
2024,9,6,22,30,22.200000000000003,44
2024,9,6,23,30,20.3,0
2024,9,7,0,30,19.400000000000002,0
2024,9,7,1,30,18.5,0
2024,9,7,2,30,17.8,0
2024,9,7,3,30,17.400000000000002,0
2024,9,7,4,30,17.3,0
2024,9,7,5,30,17.2,0
2024,9,7,6,30,17.3,0
2024,9,7,7,30,17.6,0
2024,9,7,8,30,17.900000000000002,0
2024,9,7,9,30,18.1,0
2024,9,7,10,30,18.8,2
2024,9,7,11,30,20.1,46
2024,9,7,12,30,21.3,138
2024,9,7,13,30,22.400000000000002,326
2024,9,7,14,30,23.6,319
2024,9,7,15,30,24.700000000000003,374
2024,9,7,16,30,25.400000000000002,571
2024,9,7,17,30,25.900000000000002,437
2024,9,7,18,30,25.900000000000002,198
2024,9,7,19,30,25.200000000000003,168
2024,9,7,20,30,23.8,138
2024,9,7,21,30,21.8,12
2024,9,7,22,30,19.700000000000003,19
2024,9,7,23,30,18,0
2024,9,8,0,30,16.6,0
2024,9,8,1,30,15.5,0
2024,9,8,2,30,14.9,0
2024,9,8,3,30,14.600000000000001,0
2024,9,8,4,30,14.200000000000001,0
2024,9,8,5,30,13.8,0
2024,9,8,6,30,13.5,0
2024,9,8,7,30,13.100000000000001,0
2024,9,8,8,30,12.600000000000001,0
2024,9,8,9,30,12,0
2024,9,8,10,30,12.100000000000001,5
2024,9,8,11,30,13.5,143
2024,9,8,12,30,15.100000000000001,346
2024,9,8,13,30,16.8,542
2024,9,8,14,30,18.3,704
2024,9,8,15,30,19.700000000000003,816
2024,9,8,16,30,20.700000000000003,869
2024,9,8,17,30,21.5,859
2024,9,8,18,30,21.900000000000002,787
2024,9,8,19,30,21.900000000000002,660
2024,9,8,20,30,21.5,491
2024,9,8,21,30,20.400000000000002,296
2024,9,8,22,30,18,103
2024,9,8,23,30,15.700000000000001,0
2024,9,9,0,30,14.9,0
2024,9,9,1,30,14.4,0
2024,9,9,2,30,14,0
2024,9,9,3,30,13.4,0
2024,9,9,4,30,12.700000000000001,0
2024,9,9,5,30,12,0
2024,9,9,6,30,11.3,0
2024,9,9,7,30,10.700000000000001,0
2024,9,9,8,30,10.3,0
2024,9,9,9,30,9.8,0
2024,9,9,10,30,10.700000000000001,3
2024,9,9,11,30,13.100000000000001,135
2024,9,9,12,30,16.8,331
2024,9,9,13,30,20.400000000000002,517
2024,9,9,14,30,22.5,670
2024,9,9,15,30,23.700000000000003,777
2024,9,9,16,30,24.6,828
2024,9,9,17,30,25.1,815
2024,9,9,18,30,25.200000000000003,738
2024,9,9,19,30,25,613
2024,9,9,20,30,24.400000000000002,421
2024,9,9,21,30,23.1,268
2024,9,9,22,30,20.5,88
2024,9,9,23,30,18.400000000000002,0
2024,9,10,0,30,17.400000000000002,0
2024,9,10,1,30,16.6,0
2024,9,10,2,30,16.1,0
2024,9,10,3,30,16.1,0
2024,9,10,4,30,16.2,0
2024,9,10,5,30,16.1,0
2024,9,10,6,30,15.8,0
2024,9,10,7,30,15.5,0
2024,9,10,8,30,15.200000000000001,0
2024,9,10,9,30,14.700000000000001,0
2024,9,10,10,30,15,2
2024,9,10,11,30,17,120
2024,9,10,12,30,19.8,311
2024,9,10,13,30,22.200000000000003,501
2024,9,10,14,30,23.8,665
2024,9,10,15,30,25.1,780
2024,9,10,16,30,26,834
2024,9,10,17,30,26.700000000000003,827
2024,9,10,18,30,27.1,760
2024,9,10,19,30,27.200000000000003,638
2024,9,10,20,30,26.6,475
2024,9,10,21,30,25.1,284
2024,9,10,22,30,22.5,94
2024,9,10,23,30,20.200000000000003,0
2024,9,11,0,30,19,0
2024,9,11,1,30,18.1,0
2024,9,11,2,30,17.2,0
2024,9,11,3,30,16.3,0
2024,9,11,4,30,15.700000000000001,0
2024,9,11,5,30,15.100000000000001,0
2024,9,11,6,30,14.5,0
2024,9,11,7,30,14.100000000000001,0
2024,9,11,8,30,13.700000000000001,0
2024,9,11,9,30,13.3,0
2024,9,11,10,30,14.100000000000001,1
2024,9,11,11,30,16,125
2024,9,11,12,30,18.6,318
2024,9,11,13,30,21.5,507
2024,9,11,14,30,23.5,667
2024,9,11,15,30,24.8,781
2024,9,11,16,30,25.8,836
2024,9,11,17,30,26.5,830
2024,9,11,18,30,26.8,763
2024,9,11,19,30,26.700000000000003,640
2024,9,11,20,30,26.1,472
2024,9,11,21,30,24.1,278
2024,9,11,22,30,20.8,88
2024,9,11,23,30,18.8,0
2024,9,12,0,30,18,0
2024,9,12,1,30,17,0
2024,9,12,2,30,16.2,0
2024,9,12,3,30,15.9,0
2024,9,12,4,30,15.9,0
2024,9,12,5,30,16.3,0
2024,9,12,6,30,16.6,0
2024,9,12,7,30,16.900000000000002,0
2024,9,12,8,30,17,0
2024,9,12,9,30,16.900000000000002,0
2024,9,12,10,30,17.1,2
2024,9,12,11,30,18.7,118
2024,9,12,12,30,21.200000000000003,309
2024,9,12,13,30,23.400000000000002,496
2024,9,12,14,30,25,652
2024,9,12,15,30,26.1,759
2024,9,12,16,30,26.8,814
2024,9,12,17,30,27.1,807
2024,9,12,18,30,27.1,738
2024,9,12,19,30,26.700000000000003,617
2024,9,12,20,30,25.700000000000003,452
2024,9,12,21,30,23.900000000000002,261
2024,9,12,22,30,21.3,78
2024,9,12,23,30,19.3,0
2024,9,13,0,30,18.2,0
2024,9,13,1,30,17.400000000000002,0
2024,9,13,2,30,17.2,0
2024,9,13,3,30,17.400000000000002,0
2024,9,13,4,30,17.6,0
2024,9,13,5,30,17.2,0
2024,9,13,6,30,16.5,0
2024,9,13,7,30,15.9,0
2024,9,13,8,30,15.5,0
2024,9,13,9,30,15.4,0
2024,9,13,10,30,16.2,1
2024,9,13,11,30,18.2,111
2024,9,13,12,30,20.700000000000003,299
2024,9,13,13,30,23.1,485
2024,9,13,14,30,25,640
2024,9,13,15,30,26.5,745
2024,9,13,16,30,27.5,796
2024,9,13,17,30,28.200000000000003,786
2024,9,13,18,30,28.400000000000002,719
2024,9,13,19,30,28,599
2024,9,13,20,30,27.200000000000003,436
2024,9,13,21,30,25,247
2024,9,13,22,30,21.700000000000003,70
2024,9,13,23,30,19.6,0
2024,9,14,0,30,18.7,0
2024,9,14,1,30,18.1,0
2024,9,14,2,30,18,0
2024,9,14,3,30,18.3,0
2024,9,14,4,30,18.5,0
2024,9,14,5,30,17.7,0
2024,9,14,6,30,16.7,0
2024,9,14,7,30,16.1,0
2024,9,14,8,30,15.9,0
2024,9,14,9,30,15.700000000000001,0
2024,9,14,10,30,16.6,0
2024,9,14,11,30,18.8,102
2024,9,14,12,30,21.6,284
2024,9,14,13,30,24.3,466
2024,9,14,14,30,26.3,624
2024,9,14,15,30,27.6,734
2024,9,14,16,30,28.400000000000002,789
2024,9,14,17,30,28.8,777
2024,9,14,18,30,28.700000000000003,663
2024,9,14,19,30,28.200000000000003,585
2024,9,14,20,30,27.200000000000003,425
2024,9,14,21,30,25.400000000000002,240
2024,9,14,22,30,22.400000000000002,65
2024,9,14,23,30,20.1,0
2024,9,15,0,30,19.1,0
2024,9,15,1,30,18.5,0
2024,9,15,2,30,18.6,0
2024,9,15,3,30,18.8,0
2024,9,15,4,30,18.5,0
2024,9,15,5,30,17.6,0
2024,9,15,6,30,16.8,0
2024,9,15,7,30,16.7,0
2024,9,15,8,30,17,0
2024,9,15,9,30,17.3,0
2024,9,15,10,30,18.3,0
2024,9,15,11,30,20.1,105
2024,9,15,12,30,22,291
2024,9,15,13,30,23.700000000000003,477
2024,9,15,14,30,25.200000000000003,634
2024,9,15,15,30,26.3,743
2024,9,15,16,30,26.900000000000002,798
2024,9,15,17,30,27.1,791
2024,9,15,18,30,27,724
2024,9,15,19,30,26.6,604
2024,9,15,20,30,25.700000000000003,440
2024,9,15,21,30,24,250
2024,9,15,22,30,21.400000000000002,68
2024,9,15,23,30,19.3,0
2024,9,16,0,30,17.900000000000002,0
2024,9,16,1,30,16.7,0
2024,9,16,2,30,15.9,0
2024,9,16,3,30,15.3,0
2024,9,16,4,30,14.8,0
2024,9,16,5,30,14.5,0
2024,9,16,6,30,14.3,0
2024,9,16,7,30,14.100000000000001,0
2024,9,16,8,30,14.100000000000001,0
2024,9,16,9,30,14.100000000000001,0
2024,9,16,10,30,14.8,0
2024,9,16,11,30,16.6,103
2024,9,16,12,30,18.8,286
2024,9,16,13,30,20.8,466
2024,9,16,14,30,22.400000000000002,519
2024,9,16,15,30,23.6,601
2024,9,16,16,30,24.400000000000002,638
2024,9,16,17,30,24.900000000000002,696
2024,9,16,18,30,25,602
2024,9,16,19,30,24.6,405
2024,9,16,20,30,23.700000000000003,297
2024,9,16,21,30,22.1,131
2024,9,16,22,30,20,43
2024,9,16,23,30,18.7,0
2024,9,17,0,30,18.2,0
2024,9,17,1,30,17.5,0
2024,9,17,2,30,17.1,0
2024,9,17,3,30,17,0
2024,9,17,4,30,17.1,0
2024,9,17,5,30,17.2,0
2024,9,17,6,30,17.400000000000002,0
2024,9,17,7,30,17.6,0
2024,9,17,8,30,17.900000000000002,0
2024,9,17,9,30,17.8,0
2024,9,17,10,30,17.900000000000002,0
2024,9,17,11,30,18.5,28
2024,9,17,12,30,19.400000000000002,78
2024,9,17,13,30,20.8,108
2024,9,17,14,30,22.700000000000003,220
2024,9,17,15,30,24.400000000000002,257
2024,9,17,16,30,25.5,439
2024,9,17,17,30,26.1,533
2024,9,17,18,30,26.3,618
2024,9,17,19,30,25.900000000000002,574
2024,9,17,20,30,25.1,386
2024,9,17,21,30,23.8,218
2024,9,17,22,30,21.8,51
2024,9,17,23,30,20.3,0
2024,9,18,0,30,19.700000000000003,0
2024,9,18,1,30,19.3,0
2024,9,18,2,30,19,0
2024,9,18,3,30,18.900000000000002,0
2024,9,18,4,30,18.900000000000002,0
2024,9,18,5,30,19,0
2024,9,18,6,30,19.200000000000003,0
2024,9,18,7,30,19.200000000000003,0
2024,9,18,8,30,19.1,0
2024,9,18,9,30,18.900000000000002,0
2024,9,18,10,30,18.8,0
2024,9,18,11,30,19.200000000000003,39
2024,9,18,12,30,20,90
2024,9,18,13,30,21.1,65
2024,9,18,14,30,22.3,144
2024,9,18,15,30,23.3,134
2024,9,18,16,30,24.200000000000003,201
2024,9,18,17,30,25.200000000000003,316
2024,9,18,18,30,25.8,312
2024,9,18,19,30,25.700000000000003,358
2024,9,18,20,30,25.1,156
2024,9,18,21,30,23.700000000000003,99
2024,9,18,22,30,21.900000000000002,48
2024,9,18,23,30,20.8,0
2024,9,19,0,30,20.400000000000002,0
2024,9,19,1,30,20,0
2024,9,19,2,30,19.400000000000002,0
2024,9,19,3,30,19.1,0
2024,9,19,4,30,18.8,0
2024,9,19,5,30,18.5,0
2024,9,19,6,30,18.1,0
2024,9,19,7,30,17.7,0
2024,9,19,8,30,17.3,0
2024,9,19,9,30,16.900000000000002,0
2024,9,19,10,30,16.8,0
2024,9,19,11,30,18,70
2024,9,19,12,30,20.700000000000003,240
2024,9,19,13,30,23.5,378
2024,9,19,14,30,25.400000000000002,497
2024,9,19,15,30,26.700000000000003,710
2024,9,19,16,30,27.700000000000003,586
2024,9,19,17,30,28.5,762
2024,9,19,18,30,28.8,574
2024,9,19,19,30,28.700000000000003,519
2024,9,19,20,30,28.1,362
2024,9,19,21,30,26.6,216
2024,9,19,22,30,25,38
2024,9,19,23,30,23.6,0
2024,9,20,0,30,22.400000000000002,0
2024,9,20,1,30,21.700000000000003,0
2024,9,20,2,30,21.200000000000003,0
2024,9,20,3,30,20.8,0
2024,9,20,4,30,20.1,0
2024,9,20,5,30,19.400000000000002,0
2024,9,20,6,30,18.900000000000002,0
2024,9,20,7,30,18.3,0
2024,9,20,8,30,17.8,0
2024,9,20,9,30,17.3,0
2024,9,20,10,30,17.6,0
2024,9,20,11,30,19,57
2024,9,20,12,30,21.200000000000003,147
2024,9,20,13,30,23.6,333
2024,9,20,14,30,25.400000000000002,574
2024,9,20,15,30,26.6,711
2024,9,20,16,30,27.5,736
2024,9,20,17,30,27.900000000000002,692
2024,9,20,18,30,28.200000000000003,367
2024,9,20,19,30,28.1,397
2024,9,20,20,30,27.3,336
2024,9,20,21,30,25.6,205
2024,9,20,22,30,23.3,43
2024,9,20,23,30,21.900000000000002,0
2024,9,21,0,30,21.1,0
2024,9,21,1,30,20.200000000000003,0
2024,9,21,2,30,19.3,0
2024,9,21,3,30,18.3,0
2024,9,21,4,30,17.8,0
2024,9,21,5,30,17.6,0
2024,9,21,6,30,17.5,0
2024,9,21,7,30,17.400000000000002,0
2024,9,21,8,30,17.1,0
2024,9,21,9,30,16.8,0
2024,9,21,10,30,16.8,0
2024,9,21,11,30,18,76
2024,9,21,12,30,20.1,211
2024,9,21,13,30,22.200000000000003,386
2024,9,21,14,30,24.200000000000003,590
2024,9,21,15,30,25.6,704
2024,9,21,16,30,26.6,768
2024,9,21,17,30,27.200000000000003,748
2024,9,21,18,30,27.3,652
2024,9,21,19,30,27.1,562
2024,9,21,20,30,26.3,394
2024,9,21,21,30,24.5,207
2024,9,21,22,30,22,42
2024,9,21,23,30,20.400000000000002,0
2024,9,22,0,30,19.8,0
2024,9,22,1,30,19,0
2024,9,22,2,30,18.3,0
2024,9,22,3,30,17.8,0
2024,9,22,4,30,17.3,0
2024,9,22,5,30,16.8,0
2024,9,22,6,30,16.3,0
2024,9,22,7,30,16,0
2024,9,22,8,30,15.4,0
2024,9,22,9,30,14.8,0
2024,9,22,10,30,14.9,0
2024,9,22,11,30,15.9,56
2024,9,22,12,30,17.8,269
2024,9,22,13,30,20,454
2024,9,22,14,30,22,610
2024,9,22,15,30,23.5,717
2024,9,22,16,30,24.700000000000003,767
2024,9,22,17,30,25.3,672
2024,9,22,18,30,25.5,685
2024,9,22,19,30,25.200000000000003,560
2024,9,22,20,30,24.5,394
2024,9,22,21,30,23,206
2024,9,22,22,30,20.700000000000003,39
2024,9,22,23,30,19.200000000000003,0
2024,9,23,0,30,18.5,0
2024,9,23,1,30,17.7,0
2024,9,23,2,30,17.1,0
2024,9,23,3,30,16.6,0
2024,9,23,4,30,16.2,0
2024,9,23,5,30,15.600000000000001,0
2024,9,23,6,30,15.100000000000001,0
2024,9,23,7,30,14.9,0
2024,9,23,8,30,14.9,0
2024,9,23,9,30,14.9,0
2024,9,23,10,30,15,0
2024,9,23,11,30,15.9,40
2024,9,23,12,30,17.400000000000002,133
2024,9,23,13,30,19,180
2024,9,23,14,30,20.3,282
2024,9,23,15,30,21.1,260
2024,9,23,16,30,21.3,338
2024,9,23,17,30,21,293
2024,9,23,18,30,20.5,165
2024,9,23,19,30,20.1,146
2024,9,23,20,30,19.5,50
2024,9,23,21,30,18.5,34
2024,9,23,22,30,17.3,28
2024,9,23,23,30,16.6,0
2024,9,24,0,30,16.3,0
2024,9,24,1,30,16.1,0
2024,9,24,2,30,15.9,0
2024,9,24,3,30,15.700000000000001,0
2024,9,24,4,30,15.5,0
2024,9,24,5,30,15.4,0
2024,9,24,6,30,15.3,0
2024,9,24,7,30,15.100000000000001,0
2024,9,24,8,30,14.8,0
2024,9,24,9,30,14.5,0
2024,9,24,10,30,14.600000000000001,0
2024,9,24,11,30,15.3,36
2024,9,24,12,30,16.8,95
2024,9,24,13,30,18.400000000000002,333
2024,9,24,14,30,19.700000000000003,390
2024,9,24,15,30,20.700000000000003,280
2024,9,24,16,30,21.3,363
2024,9,24,17,30,21.6,353
2024,9,24,18,30,21.5,366
2024,9,24,19,30,21.1,437
2024,9,24,20,30,20.400000000000002,365
2024,9,24,21,30,19.400000000000002,187
2024,9,24,22,30,18.3,26
2024,9,24,23,30,17.5,0
2024,9,25,0,30,17.1,0
2024,9,25,1,30,16.900000000000002,0
2024,9,25,2,30,16.7,0
2024,9,25,3,30,16.6,0
2024,9,25,4,30,16.5,0
2024,9,25,5,30,16.5,0
2024,9,25,6,30,16.400000000000002,0
2024,9,25,7,30,16.3,0
2024,9,25,8,30,16.3,0
2024,9,25,9,30,16.2,0
2024,9,25,10,30,16.3,0
2024,9,25,11,30,16.900000000000002,38
2024,9,25,12,30,18.2,69
2024,9,25,13,30,19.700000000000003,121
2024,9,25,14,30,20.8,149
2024,9,25,15,30,21.400000000000002,84
2024,9,25,16,30,21.700000000000003,147
2024,9,25,17,30,21.700000000000003,271
2024,9,25,18,30,21.400000000000002,136
2024,9,25,19,30,20.6,35
2024,9,25,20,30,19.700000000000003,53
2024,9,25,21,30,18.900000000000002,45
2024,9,25,22,30,18.400000000000002,22
2024,9,25,23,30,18.1,0
2024,9,26,0,30,18.1,0
2024,9,26,1,30,18.1,0
2024,9,26,2,30,18.1,0
2024,9,26,3,30,18.1,0
2024,9,26,4,30,18.2,0
2024,9,26,5,30,18.2,0
2024,9,26,6,30,18.3,0
2024,9,26,7,30,18.3,0
2024,9,26,8,30,18.400000000000002,0
2024,9,26,9,30,18.5,0
2024,9,26,10,30,18.7,0
2024,9,26,11,30,19.200000000000003,33
2024,9,26,12,30,19.900000000000002,54
2024,9,26,13,30,20.5,54
2024,9,26,14,30,21,105
2024,9,26,15,30,21.5,123
2024,9,26,16,30,22.200000000000003,141
2024,9,26,17,30,23.1,129
2024,9,26,18,30,24,156
2024,9,26,19,30,24.5,188
2024,9,26,20,30,24.400000000000002,156
2024,9,26,21,30,23.400000000000002,79
2024,9,26,22,30,22.1,7
2024,9,26,23,30,21.3,0
2024,9,27,0,30,20.8,0
2024,9,27,1,30,20.5,0
2024,9,27,2,30,20.3,0
2024,9,27,3,30,20.5,0
2024,9,27,4,30,20.700000000000003,0
2024,9,27,5,30,20.8,0
2024,9,27,6,30,20.5,0
2024,9,27,7,30,20,0
2024,9,27,8,30,19.8,0
2024,9,27,9,30,19.700000000000003,0
2024,9,27,10,30,19.5,0
2024,9,27,11,30,19.3,32
2024,9,27,12,30,19.200000000000003,43
2024,9,27,13,30,19.400000000000002,82
2024,9,27,14,30,19.8,215
2024,9,27,15,30,20.400000000000002,235
2024,9,27,16,30,21,235
2024,9,27,17,30,21.5,248
2024,9,27,18,30,21.900000000000002,270
2024,9,27,19,30,21.8,71
2024,9,27,20,30,21.3,41
2024,9,27,21,30,20.3,51
2024,9,27,22,30,19.3,18
2024,9,27,23,30,18.8,0
2024,9,28,0,30,18.5,0
2024,9,28,1,30,18.400000000000002,0
2024,9,28,2,30,18.6,0
2024,9,28,3,30,18.8,0
2024,9,28,4,30,18.900000000000002,0
2024,9,28,5,30,19,0
2024,9,28,6,30,19,0
2024,9,28,7,30,18.900000000000002,0
2024,9,28,8,30,18.8,0
2024,9,28,9,30,18.7,0
2024,9,28,10,30,18.6,0
2024,9,28,11,30,18.8,24
2024,9,28,12,30,19.5,247
2024,9,28,13,30,20.700000000000003,426
2024,9,28,14,30,22,575
2024,9,28,15,30,23,676
2024,9,28,16,30,23.5,497
2024,9,28,17,30,23.5,64
2024,9,28,18,30,23,35
2024,9,28,19,30,22.1,360
2024,9,28,20,30,20.8,351
2024,9,28,21,30,19.400000000000002,51
2024,9,28,22,30,18.3,11
2024,9,28,23,30,17.6,0
2024,9,29,0,30,17.1,0
2024,9,29,1,30,16.900000000000002,0
2024,9,29,2,30,16.8,0
2024,9,29,3,30,16.900000000000002,0
2024,9,29,4,30,16.900000000000002,0
2024,9,29,5,30,16.900000000000002,0
2024,9,29,6,30,16.8,0
2024,9,29,7,30,16.7,0
2024,9,29,8,30,16.6,0
2024,9,29,9,30,16.400000000000002,0
2024,9,29,10,30,16.400000000000002,0
2024,9,29,11,30,16.7,54
2024,9,29,12,30,17.3,42
2024,9,29,13,30,18,61
2024,9,29,14,30,18.8,123
2024,9,29,15,30,19.5,157
2024,9,29,16,30,19.900000000000002,152
2024,9,29,17,30,19.900000000000002,97
2024,9,29,18,30,19.8,73
2024,9,29,19,30,19.5,52
2024,9,29,20,30,18.900000000000002,23
2024,9,29,21,30,18.2,18
2024,9,29,22,30,17.400000000000002,12
2024,9,29,23,30,16.900000000000002,0
2024,9,30,0,30,16.6,0
2024,9,30,1,30,16.400000000000002,0
2024,9,30,2,30,16.3,0
2024,9,30,3,30,16.3,0
2024,9,30,4,30,16.2,0
2024,9,30,5,30,16.1,0
2024,9,30,6,30,16,0
2024,9,30,7,30,15.9,0
2024,9,30,8,30,15.9,0
2024,9,30,9,30,15.9,0
2024,9,30,10,30,15.9,0
2024,9,30,11,30,16.400000000000002,59
2024,9,30,12,30,17.5,202
2024,9,30,13,30,19,341
2024,9,30,14,30,20.700000000000003,571
2024,9,30,15,30,22,677
2024,9,30,16,30,22.900000000000002,574
2024,9,30,17,30,23.400000000000002,513
2024,9,30,18,30,23.6,351
2024,9,30,19,30,23.400000000000002,339
2024,9,30,20,30,22.6,151
2024,9,30,21,30,20.900000000000002,85
2024,9,30,22,30,18.8,16
2024,9,30,23,30,17.400000000000002,0
2024,10,1,0,30,16.5,0
2024,10,1,1,30,15.9,0
2024,10,1,2,30,15.600000000000001,0
2024,10,1,3,30,15.5,0
2024,10,1,4,30,15.700000000000001,0
2024,10,1,5,30,15.8,0
2024,10,1,6,30,15.700000000000001,0
2024,10,1,7,30,15.600000000000001,0
2024,10,1,8,30,15.600000000000001,0
2024,10,1,9,30,15.700000000000001,0
2024,10,1,10,30,15.8,0
2024,10,1,11,30,16.5,35
2024,10,1,12,30,17.5,79
2024,10,1,13,30,18.6,203
2024,10,1,14,30,19.5,360
2024,10,1,15,30,20.3,284
2024,10,1,16,30,20.700000000000003,224
2024,10,1,17,30,20.900000000000002,248
2024,10,1,18,30,20.8,262
2024,10,1,19,30,20.5,351
2024,10,1,20,30,19.900000000000002,221
2024,10,1,21,30,18.900000000000002,137
2024,10,1,22,30,17.2,15
2024,10,1,23,30,16.2,0
2024,10,2,0,30,16,0
2024,10,2,1,30,15.700000000000001,0
2024,10,2,2,30,15.3,0
2024,10,2,3,30,15.3,0
2024,10,2,4,30,15.4,0
2024,10,2,5,30,15.200000000000001,0
2024,10,2,6,30,15.100000000000001,0
2024,10,2,7,30,15,0
2024,10,2,8,30,14.9,0
2024,10,2,9,30,14.700000000000001,0
2024,10,2,10,30,14.700000000000001,0
2024,10,2,11,30,15.3,30
2024,10,2,12,30,16.400000000000002,201
2024,10,2,13,30,17.400000000000002,321
2024,10,2,14,30,18.1,474
2024,10,2,15,30,19.1,398
2024,10,2,16,30,20.400000000000002,380
2024,10,2,17,30,21.5,631
2024,10,2,18,30,21.8,554
2024,10,2,19,30,21.5,213
2024,10,2,20,30,20.8,281
2024,10,2,21,30,19.5,119
2024,10,2,22,30,17.900000000000002,8
2024,10,2,23,30,16.900000000000002,0
2024,10,3,0,30,16.1,0
2024,10,3,1,30,15.200000000000001,0
2024,10,3,2,30,14.600000000000001,0
2024,10,3,3,30,14.3,0
2024,10,3,4,30,14.3,0
2024,10,3,5,30,14.3,0
2024,10,3,6,30,14.4,0
2024,10,3,7,30,14.600000000000001,0
2024,10,3,8,30,14.8,0
2024,10,3,9,30,14.9,0
2024,10,3,10,30,15.100000000000001,0
2024,10,3,11,30,16.2,61
2024,10,3,12,30,18.1,138
2024,10,3,13,30,19.6,164
2024,10,3,14,30,21,562
2024,10,3,15,30,22.200000000000003,407
2024,10,3,16,30,23.200000000000003,323
2024,10,3,17,30,24,231
2024,10,3,18,30,24.400000000000002,470
2024,10,3,19,30,24.3,473
2024,10,3,20,30,23.700000000000003,342
2024,10,3,21,30,21.5,157
2024,10,3,22,30,19,11
2024,10,3,23,30,17.8,0
2024,10,4,0,30,17.1,0
2024,10,4,1,30,16.2,0
2024,10,4,2,30,15.5,0
2024,10,4,3,30,14.8,0
2024,10,4,4,30,14.4,0
2024,10,4,5,30,14.100000000000001,0
2024,10,4,6,30,13.8,0
2024,10,4,7,30,13.600000000000001,0
2024,10,4,8,30,13.5,0
2024,10,4,9,30,13.600000000000001,0
2024,10,4,10,30,14,0
2024,10,4,11,30,15.5,45
2024,10,4,12,30,18.2,158
2024,10,4,13,30,20.6,352
2024,10,4,14,30,22.1,496
2024,10,4,15,30,23,490
2024,10,4,16,30,23.5,519
2024,10,4,17,30,24,371
2024,10,4,18,30,24.3,468
2024,10,4,19,30,24.1,317
2024,10,4,20,30,23.1,108
2024,10,4,21,30,21.6,31
2024,10,4,22,30,20.200000000000003,5
2024,10,4,23,30,19.5,0
2024,10,5,0,30,18.900000000000002,0
2024,10,5,1,30,18.5,0
2024,10,5,2,30,18.2,0
2024,10,5,3,30,17.900000000000002,0
2024,10,5,4,30,17.8,0
2024,10,5,5,30,17.7,0
2024,10,5,6,30,17.6,0
2024,10,5,7,30,17.400000000000002,0
2024,10,5,8,30,17.1,0
2024,10,5,9,30,16.8,0
2024,10,5,10,30,16.5,0
2024,10,5,11,30,17,53
2024,10,5,12,30,18.400000000000002,212
2024,10,5,13,30,20.400000000000002,406
2024,10,5,14,30,22.3,564
2024,10,5,15,30,23.6,675
2024,10,5,16,30,24.5,723
2024,10,5,17,30,25,709
2024,10,5,18,30,25.1,587
2024,10,5,19,30,24.8,428
2024,10,5,20,30,23.900000000000002,329
2024,10,5,21,30,21.5,150
2024,10,5,22,30,18.7,7
2024,10,5,23,30,17.3,0
2024,10,6,0,30,16.6,0
2024,10,6,1,30,15.9,0
2024,10,6,2,30,15.100000000000001,0
2024,10,6,3,30,14.4,0
2024,10,6,4,30,13.8,0
2024,10,6,5,30,13.100000000000001,0
2024,10,6,6,30,12.4,0
2024,10,6,7,30,11.9,0
2024,10,6,8,30,11.5,0
2024,10,6,9,30,11.100000000000001,0
2024,10,6,10,30,11.100000000000001,0
2024,10,6,11,30,12.700000000000001,60
2024,10,6,12,30,15.700000000000001,239
2024,10,6,13,30,18.7,422
2024,10,6,14,30,21,575
2024,10,6,15,30,22.400000000000002,680
2024,10,6,16,30,23.3,724
2024,10,6,17,30,23.900000000000002,708
2024,10,6,18,30,24.1,630
2024,10,6,19,30,23.8,500
2024,10,6,20,30,23,330
2024,10,6,21,30,21,142
2024,10,6,22,30,19,6
2024,10,6,23,30,17.900000000000002,0
2024,10,7,0,30,17.2,0
2024,10,7,1,30,16.8,0
2024,10,7,2,30,16.6,0
2024,10,7,3,30,16.400000000000002,0
2024,10,7,4,30,16.3,0
2024,10,7,5,30,16,0
2024,10,7,6,30,15.8,0
2024,10,7,7,30,15.9,0
2024,10,7,8,30,16.2,0
2024,10,7,9,30,16.7,0
2024,10,7,10,30,17,0
2024,10,7,11,30,17.5,20
2024,10,7,12,30,18.8,123
2024,10,7,13,30,20.5,386
2024,10,7,14,30,22.1,501
2024,10,7,15,30,23.400000000000002,661
2024,10,7,16,30,24.3,522
2024,10,7,17,30,24.6,532
2024,10,7,18,30,24.400000000000002,589
2024,10,7,19,30,23.8,487
2024,10,7,20,30,22.6,122
2024,10,7,21,30,20.6,90
2024,10,7,22,30,18.400000000000002,3
2024,10,7,23,30,17.1,0
2024,10,8,0,30,16.3,0
2024,10,8,1,30,15.600000000000001,0
2024,10,8,2,30,15,0
2024,10,8,3,30,14.5,0
2024,10,8,4,30,13.8,0
2024,10,8,5,30,13.100000000000001,0
2024,10,8,6,30,12.5,0
2024,10,8,7,30,11.9,0
2024,10,8,8,30,11.3,0
2024,10,8,9,30,10.8,0
2024,10,8,10,30,10.4,0
2024,10,8,11,30,11.5,56
2024,10,8,12,30,14,235
2024,10,8,13,30,16.5,420
2024,10,8,14,30,18.3,572
2024,10,8,15,30,19.6,675
2024,10,8,16,30,20.5,721
2024,10,8,17,30,21.200000000000003,664
2024,10,8,18,30,21.400000000000002,450
2024,10,8,19,30,21.3,369
2024,10,8,20,30,20.6,324
2024,10,8,21,30,18.3,119
2024,10,8,22,30,15.9,2
2024,10,8,23,30,14.600000000000001,0
2024,10,9,0,30,13.9,0
2024,10,9,1,30,13.3,0
2024,10,9,2,30,12.8,0
2024,10,9,3,30,12.200000000000001,0
2024,10,9,4,30,11.5,0
2024,10,9,5,30,10.9,0
2024,10,9,6,30,10.200000000000001,0
2024,10,9,7,30,9.600000000000001,0
2024,10,9,8,30,8.9,0
2024,10,9,9,30,8.3,0
2024,10,9,10,30,8.4,0
2024,10,9,11,30,10.100000000000001,49
2024,10,9,12,30,12.9,222
2024,10,9,13,30,16.2,402
2024,10,9,14,30,18.6,493
2024,10,9,15,30,19.8,666
2024,10,9,16,30,20.5,710
2024,10,9,17,30,20.8,683
2024,10,9,18,30,21,617
2024,10,9,19,30,20.8,480
2024,10,9,20,30,20,318
2024,10,9,21,30,17.8,131
2024,10,9,22,30,15.200000000000001,2
2024,10,9,23,30,13.600000000000001,0
2024,10,10,0,30,12.9,0
2024,10,10,1,30,12.600000000000001,0
2024,10,10,2,30,12.200000000000001,0
2024,10,10,3,30,11.8,0
2024,10,10,4,30,11.3,0
2024,10,10,5,30,10.600000000000001,0
2024,10,10,6,30,9.8,0
2024,10,10,7,30,9.1,0
2024,10,10,8,30,8.5,0
2024,10,10,9,30,7.9,0
2024,10,10,10,30,7.5,0
2024,10,10,11,30,8.3,53
2024,10,10,12,30,10,233
2024,10,10,13,30,12,418
2024,10,10,14,30,13.8,571
2024,10,10,15,30,15.3,675
2024,10,10,16,30,16.5,718
2024,10,10,17,30,17.3,701
2024,10,10,18,30,17.6,622
2024,10,10,19,30,17.5,489
2024,10,10,20,30,16.8,316
2024,10,10,21,30,15,129
2024,10,10,22,30,12.9,2
2024,10,10,23,30,11.600000000000001,0
2024,10,11,0,30,10.9,0
2024,10,11,1,30,10.200000000000001,0
2024,10,11,2,30,9.5,0
2024,10,11,3,30,8.8,0
2024,10,11,4,30,8,0
2024,10,11,5,30,7.300000000000001,0
2024,10,11,6,30,6.6000000000000005,0
2024,10,11,7,30,6.1000000000000005,0
2024,10,11,8,30,5.7,0
2024,10,11,9,30,5.6000000000000005,0
2024,10,11,10,30,5.800000000000001,0
2024,10,11,11,30,7.2,47
2024,10,11,12,30,10.100000000000001,217
2024,10,11,13,30,13.3,397
2024,10,11,14,30,16,551
2024,10,11,15,30,17.900000000000002,657
2024,10,11,16,30,19.6,702
2024,10,11,17,30,20.900000000000002,682
2024,10,11,18,30,21.6,596
2024,10,11,19,30,21.6,458
2024,10,11,20,30,20.6,288
2024,10,11,21,30,17.7,111
2024,10,11,22,30,15.100000000000001,1
2024,10,11,23,30,14.5,0
2024,10,12,0,30,14.100000000000001,0
2024,10,12,1,30,13.5,0
2024,10,12,2,30,13.100000000000001,0
2024,10,12,3,30,12.8,0
2024,10,12,4,30,12.600000000000001,0
2024,10,12,5,30,12.3,0
2024,10,12,6,30,12,0
2024,10,12,7,30,11.700000000000001,0
2024,10,12,8,30,11.9,0
2024,10,12,9,30,12.200000000000001,0
2024,10,12,10,30,12.3,0
2024,10,12,11,30,13.5,38
2024,10,12,12,30,15.9,206
2024,10,12,13,30,18.7,389
2024,10,12,14,30,20.700000000000003,546
2024,10,12,15,30,22.1,610
2024,10,12,16,30,23.1,678
2024,10,12,17,30,23.8,689
2024,10,12,18,30,23.900000000000002,613
2024,10,12,19,30,23.6,481
2024,10,12,20,30,22.400000000000002,308
2024,10,12,21,30,19.1,120
2024,10,12,22,30,15.9,0
2024,10,12,23,30,14.5,0
2024,10,13,0,30,13.5,0
2024,10,13,1,30,12.600000000000001,0
2024,10,13,2,30,11.700000000000001,0
2024,10,13,3,30,11.200000000000001,0
2024,10,13,4,30,11.3,0
2024,10,13,5,30,11.4,0
2024,10,13,6,30,11.200000000000001,0
2024,10,13,7,30,11.200000000000001,0
2024,10,13,8,30,11.5,0
2024,10,13,9,30,12,0
2024,10,13,10,30,12.4,0
2024,10,13,11,30,13.3,27
2024,10,13,12,30,15,94
2024,10,13,13,30,17.6,234
2024,10,13,14,30,20.3,426
2024,10,13,15,30,22.400000000000002,605
2024,10,13,16,30,23.900000000000002,589
2024,10,13,17,30,25,621
2024,10,13,18,30,25.6,551
2024,10,13,19,30,25.5,388
2024,10,13,20,30,24.6,267
2024,10,13,21,30,22.5,94
2024,10,13,22,30,20.5,0
2024,10,13,23,30,19.3,0
2024,10,14,0,30,18,0
2024,10,14,1,30,17.5,0
2024,10,14,2,30,18,0
2024,10,14,3,30,18.3,0
2024,10,14,4,30,17.900000000000002,0
2024,10,14,5,30,17.2,0
2024,10,14,6,30,16.7,0
2024,10,14,7,30,16.2,0
2024,10,14,8,30,15.8,0
2024,10,14,9,30,15.600000000000001,0
2024,10,14,10,30,15.4,0
2024,10,14,11,30,15.8,25
2024,10,14,12,30,17,102
2024,10,14,13,30,18.400000000000002,319
2024,10,14,14,30,19.1,540
2024,10,14,15,30,19.400000000000002,643
2024,10,14,16,30,19.3,697
2024,10,14,17,30,19.1,663
2024,10,14,18,30,18.7,344
2024,10,14,19,30,17.6,184
2024,10,14,20,30,15.8,194
2024,10,14,21,30,13.600000000000001,109
2024,10,14,22,30,11.9,0
2024,10,14,23,30,10.700000000000001,0
2024,10,15,0,30,9.700000000000001,0
2024,10,15,1,30,9,0
2024,10,15,2,30,8.5,0
2024,10,15,3,30,7.9,0
2024,10,15,4,30,7.300000000000001,0
2024,10,15,5,30,7.300000000000001,0
2024,10,15,6,30,7.5,0
2024,10,15,7,30,7.300000000000001,0
2024,10,15,8,30,6.7,0
2024,10,15,9,30,6.1000000000000005,0
2024,10,15,10,30,5.800000000000001,0
2024,10,15,11,30,6.5,38
2024,10,15,12,30,8.6,112
2024,10,15,13,30,10.700000000000001,295
2024,10,15,14,30,12.200000000000001,535
2024,10,15,15,30,13.4,643
2024,10,15,16,30,14.4,689
2024,10,15,17,30,15.100000000000001,517
2024,10,15,18,30,15.3,360
2024,10,15,19,30,15,177
2024,10,15,20,30,14.4,172
2024,10,15,21,30,12.5,24
2024,10,15,22,30,10.3,0
2024,10,15,23,30,9.200000000000001,0
2024,10,16,0,30,8.700000000000001,0
2024,10,16,1,30,8.200000000000001,0
2024,10,16,2,30,7.9,0
2024,10,16,3,30,7.5,0
2024,10,16,4,30,7,0
2024,10,16,5,30,6.5,0
2024,10,16,6,30,6.1000000000000005,0
2024,10,16,7,30,5.800000000000001,0
2024,10,16,8,30,5.4,0
2024,10,16,9,30,5,0
2024,10,16,10,30,4.7,0
2024,10,16,11,30,5.5,36
2024,10,16,12,30,7.7,205
2024,10,16,13,30,10,386
2024,10,16,14,30,11.8,450
2024,10,16,15,30,13.200000000000001,446
2024,10,16,16,30,14.3,630
2024,10,16,17,30,15.100000000000001,647
2024,10,16,18,30,15.5,588
2024,10,16,19,30,15.4,457
2024,10,16,20,30,14.700000000000001,286
2024,10,16,21,30,12.5,102
2024,10,16,22,30,10.4,0
2024,10,16,23,30,9.600000000000001,0
2024,10,17,0,30,9,0
2024,10,17,1,30,8.5,0
2024,10,17,2,30,8,0
2024,10,17,3,30,7.4,0
2024,10,17,4,30,6.7,0
2024,10,17,5,30,6.2,0
2024,10,17,6,30,5.9,0
2024,10,17,7,30,5.6000000000000005,0
2024,10,17,8,30,5.2,0
2024,10,17,9,30,4.7,0
2024,10,17,10,30,4.5,0
2024,10,17,11,30,5.4,34
2024,10,17,12,30,7.2,204
2024,10,17,13,30,9.4,387
2024,10,17,14,30,11.4,539
2024,10,17,15,30,13.200000000000001,644
2024,10,17,16,30,14.700000000000001,686
2024,10,17,17,30,15.8,667
2024,10,17,18,30,16.5,532
2024,10,17,19,30,16.7,405
2024,10,17,20,30,15.9,283
2024,10,17,21,30,13,73
2024,10,17,22,30,10.3,0
2024,10,17,23,30,9.3,0
2024,10,18,0,30,9.200000000000001,0
2024,10,18,1,30,9,0
2024,10,18,2,30,8.4,0
2024,10,18,3,30,7.9,0
2024,10,18,4,30,7.6000000000000005,0
2024,10,18,5,30,7.5,0
2024,10,18,6,30,7.300000000000001,0
2024,10,18,7,30,7.1000000000000005,0
2024,10,18,8,30,6.9,0
2024,10,18,9,30,6.7,0
2024,10,18,10,30,6.5,0
2024,10,18,11,30,7.4,31
2024,10,18,12,30,9.9,199
2024,10,18,13,30,13.3,378
2024,10,18,14,30,16.2,529
2024,10,18,15,30,18,630
2024,10,18,16,30,19.400000000000002,673
2024,10,18,17,30,20.5,656
2024,10,18,18,30,21.1,577
2024,10,18,19,30,21.1,446
2024,10,18,20,30,19.700000000000003,275
2024,10,18,21,30,17,94
2024,10,18,22,30,14.600000000000001,0
2024,10,18,23,30,13.200000000000001,0
2024,10,19,0,30,12.5,0
2024,10,19,1,30,11.700000000000001,0
2024,10,19,2,30,10.600000000000001,0
2024,10,19,3,30,9.5,0
2024,10,19,4,30,8.9,0
2024,10,19,5,30,8.700000000000001,0
2024,10,19,6,30,8.6,0
2024,10,19,7,30,8.1,0
2024,10,19,8,30,7.6000000000000005,0
2024,10,19,9,30,7,0
2024,10,19,10,30,6.6000000000000005,0
2024,10,19,11,30,7.9,28
2024,10,19,12,30,10.9,193
2024,10,19,13,30,14.5,371
2024,10,19,14,30,18,520
2024,10,19,15,30,20.3,621
2024,10,19,16,30,21.5,664
2024,10,19,17,30,22.3,646
2024,10,19,18,30,22.6,568
2024,10,19,19,30,22.400000000000002,435
2024,10,19,20,30,20.900000000000002,266
2024,10,19,21,30,17.6,87
2024,10,19,22,30,14.3,0
2024,10,19,23,30,12.9,0
2024,10,20,0,30,12.100000000000001,0
2024,10,20,1,30,11.4,0
2024,10,20,2,30,10.700000000000001,0
2024,10,20,3,30,10,0
2024,10,20,4,30,9.3,0
2024,10,20,5,30,8.700000000000001,0
2024,10,20,6,30,8.3,0
2024,10,20,7,30,7.9,0
2024,10,20,8,30,7.6000000000000005,0
2024,10,20,9,30,7.300000000000001,0
2024,10,20,10,30,7,0
2024,10,20,11,30,8.200000000000001,25
2024,10,20,12,30,11.100000000000001,187
2024,10,20,13,30,14.600000000000001,365
2024,10,20,14,30,18.8,516
2024,10,20,15,30,21.900000000000002,617
2024,10,20,16,30,23.400000000000002,663
2024,10,20,17,30,24.3,645
2024,10,20,18,30,24.6,568
2024,10,20,19,30,24.3,436
2024,10,20,20,30,22.3,266
2024,10,20,21,30,18.5,85
2024,10,20,22,30,15.5,0
2024,10,20,23,30,14.200000000000001,0
2024,10,21,0,30,13.3,0
2024,10,21,1,30,12.600000000000001,0
2024,10,21,2,30,11.8,0
2024,10,21,3,30,11.200000000000001,0
2024,10,21,4,30,10.700000000000001,0
2024,10,21,5,30,10.3,0
2024,10,21,6,30,9.8,0
2024,10,21,7,30,9.3,0
2024,10,21,8,30,8.9,0
2024,10,21,9,30,8.700000000000001,0
2024,10,21,10,30,8.6,0
2024,10,21,11,30,10,24
2024,10,21,12,30,13,184
2024,10,21,13,30,16.6,357
2024,10,21,14,30,20.900000000000002,501
2024,10,21,15,30,24.400000000000002,599
2024,10,21,16,30,26.200000000000003,640
2024,10,21,17,30,27.1,619
2024,10,21,18,30,27.5,541
2024,10,21,19,30,27.200000000000003,412
2024,10,21,20,30,25,247
2024,10,21,21,30,21.3,75
2024,10,21,22,30,18.8,0
2024,10,21,23,30,18,0
2024,10,22,0,30,17.400000000000002,0
2024,10,22,1,30,16.7,0
2024,10,22,2,30,16.1,0
2024,10,22,3,30,15.600000000000001,0
2024,10,22,4,30,15.200000000000001,0
2024,10,22,5,30,15,0
2024,10,22,6,30,14.8,0
2024,10,22,7,30,14.8,0
2024,10,22,8,30,15,0
2024,10,22,9,30,15,0
2024,10,22,10,30,14.700000000000001,0
2024,10,22,11,30,15.4,20
2024,10,22,12,30,17.5,169
2024,10,22,13,30,20.700000000000003,338
2024,10,22,14,30,24.5,482
2024,10,22,15,30,27,580
2024,10,22,16,30,28.1,620
2024,10,22,17,30,28.400000000000002,602
2024,10,22,18,30,28.200000000000003,524
2024,10,22,19,30,27.400000000000002,397
2024,10,22,20,30,25.8,235
2024,10,22,21,30,23,69
2024,10,22,22,30,20.700000000000003,0
2024,10,22,23,30,19.3,0
2024,10,23,0,30,18.1,0
2024,10,23,1,30,17,0
2024,10,23,2,30,15.9,0
2024,10,23,3,30,15,0
2024,10,23,4,30,14.3,0
2024,10,23,5,30,13.600000000000001,0
2024,10,23,6,30,13,0
2024,10,23,7,30,12.3,0
2024,10,23,8,30,11.600000000000001,0
2024,10,23,9,30,11,0
2024,10,23,10,30,10.600000000000001,0
2024,10,23,11,30,11.600000000000001,19
2024,10,23,12,30,13.9,170
2024,10,23,13,30,17,343
2024,10,23,14,30,20.400000000000002,488
2024,10,23,15,30,22.700000000000003,589
2024,10,23,16,30,23.900000000000002,630
2024,10,23,17,30,24.6,611
2024,10,23,18,30,24.900000000000002,533
2024,10,23,19,30,24.6,405
2024,10,23,20,30,23.5,240
2024,10,23,21,30,21.1,69
2024,10,23,22,30,18.900000000000002,0
2024,10,23,23,30,18,0
2024,10,24,0,30,17.1,0
2024,10,24,1,30,15.8,0
2024,10,24,2,30,15,0
2024,10,24,3,30,14.700000000000001,0
2024,10,24,4,30,14.5,0
2024,10,24,5,30,14.600000000000001,0
2024,10,24,6,30,15,0
2024,10,24,7,30,15.3,0
2024,10,24,8,30,15.3,0
2024,10,24,9,30,15.100000000000001,0
2024,10,24,10,30,14.700000000000001,0
2024,10,24,11,30,14.600000000000001,16
2024,10,24,12,30,15.4,155
2024,10,24,13,30,16.900000000000002,337
2024,10,24,14,30,18.400000000000002,487
2024,10,24,15,30,19.6,590
2024,10,24,16,30,20.400000000000002,635
2024,10,24,17,30,20.700000000000003,618
2024,10,24,18,30,20.700000000000003,543
2024,10,24,19,30,20.1,414
2024,10,24,20,30,18.900000000000002,246
2024,10,24,21,30,16.7,70
2024,10,24,22,30,14.5,0
2024,10,24,23,30,13.200000000000001,0
2024,10,25,0,30,12.3,0
2024,10,25,1,30,11.4,0
2024,10,25,2,30,10.600000000000001,0
2024,10,25,3,30,9.9,0
2024,10,25,4,30,9.1,0
2024,10,25,5,30,8.4,0
2024,10,25,6,30,7.800000000000001,0
2024,10,25,7,30,7.300000000000001,0
2024,10,25,8,30,6.800000000000001,0
2024,10,25,9,30,6.300000000000001,0
2024,10,25,10,30,5.800000000000001,0
2024,10,25,11,30,6.300000000000001,18
2024,10,25,12,30,8.4,173
2024,10,25,13,30,11.200000000000001,350
2024,10,25,14,30,13.600000000000001,497
2024,10,25,15,30,15.5,600
2024,10,25,16,30,16.900000000000002,642
2024,10,25,17,30,18,622
2024,10,25,18,30,18.6,543
2024,10,25,19,30,18.7,412
2024,10,25,20,30,17.400000000000002,241
2024,10,25,21,30,14.200000000000001,63
2024,10,25,22,30,12,0
2024,10,25,23,30,11.8,0
2024,10,26,0,30,11.600000000000001,0
2024,10,26,1,30,10.9,0
2024,10,26,2,30,10.3,0
2024,10,26,3,30,10.4,0
2024,10,26,4,30,10.9,0
2024,10,26,5,30,10.8,0
2024,10,26,6,30,10.600000000000001,0
2024,10,26,7,30,10.5,0
2024,10,26,8,30,10.600000000000001,0
2024,10,26,9,30,10.4,0
2024,10,26,10,30,9.9,0
2024,10,26,11,30,10.600000000000001,14
2024,10,26,12,30,12.700000000000001,160
2024,10,26,13,30,15,338
2024,10,26,14,30,16.5,491
2024,10,26,15,30,17.400000000000002,593
2024,10,26,16,30,18.1,538
2024,10,26,17,30,18.5,481
2024,10,26,18,30,18.5,474
2024,10,26,19,30,18,407
2024,10,26,20,30,17,237
2024,10,26,21,30,15,62
2024,10,26,22,30,13.100000000000001,0
2024,10,26,23,30,12.100000000000001,0
2024,10,27,0,30,11.4,0
2024,10,27,1,30,10.8,0
2024,10,27,2,30,10,0
2024,10,27,3,30,9.3,0
2024,10,27,4,30,8.700000000000001,0
2024,10,27,5,30,8.3,0
2024,10,27,6,30,7.6000000000000005,0
2024,10,27,7,30,7,0
2024,10,27,8,30,6.300000000000001,0
2024,10,27,9,30,5.7,0
2024,10,27,10,30,5.1000000000000005,0
2024,10,27,11,30,5.5,13
2024,10,27,12,30,7.5,168
2024,10,27,13,30,9.9,346
2024,10,27,14,30,11.8,495
2024,10,27,15,30,13.3,596
2024,10,27,16,30,14.4,638
2024,10,27,17,30,15.100000000000001,618
2024,10,27,18,30,15.4,535
2024,10,27,19,30,15.3,403
2024,10,27,20,30,14.100000000000001,233
2024,10,27,21,30,11.700000000000001,59
2024,10,27,22,30,9.8,0
2024,10,27,23,30,8.700000000000001,0
2024,10,28,0,30,7.800000000000001,0
2024,10,28,1,30,7.300000000000001,0
2024,10,28,2,30,6.9,0
2024,10,28,3,30,6.800000000000001,0
2024,10,28,4,30,6.800000000000001,0
2024,10,28,5,30,6.300000000000001,0
2024,10,28,6,30,5.5,0
2024,10,28,7,30,4.7,0
2024,10,28,8,30,4.3,0
2024,10,28,9,30,4.2,0
2024,10,28,10,30,4.1000000000000005,0
2024,10,28,11,30,5,11
2024,10,28,12,30,7.5,123
2024,10,28,13,30,11,299
2024,10,28,14,30,14.200000000000001,466
2024,10,28,15,30,15.8,564
2024,10,28,16,30,16.7,604
2024,10,28,17,30,17.1,579
2024,10,28,18,30,17.2,507
2024,10,28,19,30,16.7,367
2024,10,28,20,30,15.4,216
2024,10,28,21,30,13,53
2024,10,28,22,30,11.700000000000001,0
2024,10,28,23,30,11.100000000000001,0
2024,10,29,0,30,9.9,0
2024,10,29,1,30,9.200000000000001,0
2024,10,29,2,30,8.700000000000001,0
2024,10,29,3,30,8.5,0
2024,10,29,4,30,8.6,0
2024,10,29,5,30,9,0
2024,10,29,6,30,9.600000000000001,0
2024,10,29,7,30,10.100000000000001,0
2024,10,29,8,30,10.200000000000001,0
2024,10,29,9,30,10,0
2024,10,29,10,30,9.8,0
2024,10,29,11,30,10,11
2024,10,29,12,30,12,134
2024,10,29,13,30,15,296
2024,10,29,14,30,17.1,457
2024,10,29,15,30,18.3,555
2024,10,29,16,30,19.1,354
2024,10,29,17,30,19.5,537
2024,10,29,18,30,19.400000000000002,488
2024,10,29,19,30,18.900000000000002,224
2024,10,29,20,30,17.900000000000002,162
2024,10,29,21,30,16.5,29
2024,10,29,22,30,15.100000000000001,0
2024,10,29,23,30,14.3,0
2024,10,30,0,30,13.600000000000001,0
2024,10,30,1,30,13.3,0
2024,10,30,2,30,13.3,0
2024,10,30,3,30,12.9,0
2024,10,30,4,30,12.200000000000001,0
2024,10,30,5,30,11.5,0
2024,10,30,6,30,11.100000000000001,0
2024,10,30,7,30,10.700000000000001,0
2024,10,30,8,30,10.3,0
2024,10,30,9,30,10,0
2024,10,30,10,30,9.8,0
2024,10,30,11,30,10.5,9
2024,10,30,12,30,12.700000000000001,137
2024,10,30,13,30,15.600000000000001,299
2024,10,30,14,30,18.3,440
2024,10,30,15,30,20.6,540
2024,10,30,16,30,22.6,568
2024,10,30,17,30,24.3,565
2024,10,30,18,30,25,488
2024,10,30,19,30,24.700000000000003,224
2024,10,30,20,30,22.900000000000002,151
2024,10,30,21,30,19.8,26
2024,10,30,22,30,18.400000000000002,0
2024,10,30,23,30,18.1,0
2024,10,31,0,30,17.2,0
2024,10,31,1,30,16.3,0
2024,10,31,2,30,15.5,0
2024,10,31,3,30,14.700000000000001,0
2024,10,31,4,30,13.600000000000001,0
2024,10,31,5,30,12.600000000000001,0
2024,10,31,6,30,12.100000000000001,0
2024,10,31,7,30,11.700000000000001,0
2024,10,31,8,30,11.3,0
2024,10,31,9,30,11.100000000000001,0
2024,10,31,10,30,10.9,0
2024,10,31,11,30,11.9,8
2024,10,31,12,30,14.100000000000001,141
2024,10,31,13,30,17.1,307
2024,10,31,14,30,20.6,447
2024,10,31,15,30,23.8,539
2024,10,31,16,30,26,575
2024,10,31,17,30,26.900000000000002,554
2024,10,31,18,30,26.900000000000002,467
2024,10,31,19,30,26.3,349
2024,10,31,20,30,24.8,163
2024,10,31,21,30,22.6,15
2024,10,31,22,30,20.900000000000002,0
2024,10,31,23,30,20.1,0
2024,11,1,0,30,19.700000000000003,0
2024,11,1,1,30,19.3,0
2024,11,1,2,30,19.1,0
2024,11,1,3,30,18.8,0
2024,11,1,4,30,18.400000000000002,0
2024,11,1,5,30,18,0
2024,11,1,6,30,17.7,0
2024,11,1,7,30,17.5,0
2024,11,1,8,30,17.5,0
2024,11,1,9,30,17.6,0
2024,11,1,10,30,17.7,0
2024,11,1,11,30,17.900000000000002,1
2024,11,1,12,30,18.400000000000002,39
2024,11,1,13,30,19.400000000000002,64
2024,11,1,14,30,21.1,104
2024,11,1,15,30,23.3,306
2024,11,1,16,30,25.1,576
2024,11,1,17,30,25.900000000000002,567
2024,11,1,18,30,25.8,498
2024,11,1,19,30,24.8,373
2024,11,1,20,30,23,210
2024,11,1,21,30,20.1,45
2024,11,1,22,30,17.7,0
2024,11,1,23,30,16.8,0
2024,11,2,0,30,16,0
2024,11,2,1,30,15.200000000000001,0
2024,11,2,2,30,14.3,0
2024,11,2,3,30,13.3,0
2024,11,2,4,30,12.4,0
2024,11,2,5,30,11.5,0
2024,11,2,6,30,10.8,0
2024,11,2,7,30,10.100000000000001,0
2024,11,2,8,30,9.5,0
2024,11,2,9,30,9,0
2024,11,2,10,30,8.6,0
2024,11,2,11,30,8.9,6
2024,11,2,12,30,10.3,139
2024,11,2,13,30,12.200000000000001,309
2024,11,2,14,30,13.8,453
2024,11,2,15,30,15.100000000000001,551
2024,11,2,16,30,16.2,590
2024,11,2,17,30,17,571
2024,11,2,18,30,17.3,491
2024,11,2,19,30,17.1,363
2024,11,2,20,30,15.9,201
2024,11,2,21,30,13.100000000000001,39
2024,11,2,22,30,11.200000000000001,0
2024,11,2,23,30,10.600000000000001,0
2024,11,3,0,30,9.8,0
2024,11,3,1,30,8.9,0
2024,11,3,2,30,8.200000000000001,0
2024,11,3,3,30,7.5,0
2024,11,3,4,30,6.800000000000001,0
2024,11,3,5,30,6.2,0
2024,11,3,6,30,5.6000000000000005,0
2024,11,3,7,30,5,0
2024,11,3,8,30,4.6000000000000005,0
2024,11,3,9,30,4.1000000000000005,0
2024,11,3,10,30,3.6,0
2024,11,3,11,30,3.8000000000000003,6
2024,11,3,12,30,5.300000000000001,139
2024,11,3,13,30,7.4,310
2024,11,3,14,30,9.3,455
2024,11,3,15,30,10.9,553
2024,11,3,16,30,12.4,595
2024,11,3,17,30,13.4,575
2024,11,3,18,30,14.100000000000001,494
2024,11,3,19,30,14.200000000000001,365
2024,11,3,20,30,13,201
2024,11,3,21,30,10.4,38
2024,11,3,22,30,8.200000000000001,0
2024,11,3,23,30,7.300000000000001,0
2024,11,4,0,30,7,0
2024,11,4,1,30,6.7,0
2024,11,4,2,30,6.1000000000000005,0
2024,11,4,3,30,5.5,0
2024,11,4,4,30,5.1000000000000005,0
2024,11,4,5,30,4.9,0
2024,11,4,6,30,4.9,0
2024,11,4,7,30,4.9,0
2024,11,4,8,30,5.5,0
2024,11,4,9,30,5.7,0
2024,11,4,10,30,5.7,0
2024,11,4,11,30,7,3
2024,11,4,12,30,9.600000000000001,58
2024,11,4,13,30,12.200000000000001,187
2024,11,4,14,30,13.8,247
2024,11,4,15,30,15,337
2024,11,4,16,30,15.9,557
2024,11,4,17,30,16.3,397
2024,11,4,18,30,16.2,319
2024,11,4,19,30,15.9,241
2024,11,4,20,30,15,113
2024,11,4,21,30,13.4,20
2024,11,4,22,30,11.700000000000001,0
2024,11,4,23,30,10.8,0
2024,11,5,0,30,10.8,0
2024,11,5,1,30,11.100000000000001,0
2024,11,5,2,30,10.9,0
2024,11,5,3,30,10.600000000000001,0
2024,11,5,4,30,10.600000000000001,0
2024,11,5,5,30,10.600000000000001,0
2024,11,5,6,30,10.5,0
2024,11,5,7,30,10.600000000000001,0
2024,11,5,8,30,11,0
2024,11,5,9,30,11,0
2024,11,5,10,30,10.3,0
2024,11,5,11,30,10.5,3
2024,11,5,12,30,12.4,115
2024,11,5,13,30,15.100000000000001,240
2024,11,5,14,30,17.900000000000002,412
2024,11,5,15,30,20.1,455
2024,11,5,16,30,21.700000000000003,550
2024,11,5,17,30,22.700000000000003,531
2024,11,5,18,30,23.3,458
2024,11,5,19,30,23.200000000000003,335
2024,11,5,20,30,22.1,180
2024,11,5,21,30,20.3,31
2024,11,5,22,30,18.900000000000002,0
2024,11,5,23,30,17.900000000000002,0
2024,11,6,0,30,17,0
2024,11,6,1,30,16.5,0
2024,11,6,2,30,16.1,0
2024,11,6,3,30,15.8,0
2024,11,6,4,30,15.600000000000001,0
2024,11,6,5,30,15.5,0
2024,11,6,6,30,15.4,0
2024,11,6,7,30,15.3,0
2024,11,6,8,30,15.200000000000001,0
2024,11,6,9,30,15.100000000000001,0
2024,11,6,10,30,15,0
2024,11,6,11,30,15.3,2
2024,11,6,12,30,16.7,118
2024,11,6,13,30,19,281
2024,11,6,14,30,21.3,420
2024,11,6,15,30,23.3,512
2024,11,6,16,30,24.700000000000003,541
2024,11,6,17,30,25.6,510
2024,11,6,18,30,26,423
2024,11,6,19,30,25.8,311
2024,11,6,20,30,24.6,153
2024,11,6,21,30,22.6,9
2024,11,6,22,30,21.5,0
2024,11,6,23,30,21.3,0
2024,11,7,0,30,20.900000000000002,0
2024,11,7,1,30,20.5,0
2024,11,7,2,30,19.700000000000003,0
2024,11,7,3,30,18.900000000000002,0
2024,11,7,4,30,18.3,0
2024,11,7,5,30,17.8,0
2024,11,7,6,30,17.3,0
2024,11,7,7,30,17.1,0
2024,11,7,8,30,16.8,0
2024,11,7,9,30,16.1,0
2024,11,7,10,30,15.4,0
2024,11,7,11,30,15.600000000000001,0
2024,11,7,12,30,16.900000000000002,78
2024,11,7,13,30,19.3,193
2024,11,7,14,30,21.5,347
2024,11,7,15,30,22.8,513
2024,11,7,16,30,23.5,556
2024,11,7,17,30,23.900000000000002,539
2024,11,7,18,30,23.8,465
2024,11,7,19,30,23,341
2024,11,7,20,30,21.3,181
2024,11,7,21,30,18.5,27
2024,11,7,22,30,16.5,0
2024,11,7,23,30,15.4,0
2024,11,8,0,30,14.3,0
2024,11,8,1,30,13.3,0
2024,11,8,2,30,12.200000000000001,0
2024,11,8,3,30,10.9,0
2024,11,8,4,30,9.9,0
2024,11,8,5,30,9.200000000000001,0
2024,11,8,6,30,8.6,0
2024,11,8,7,30,8.1,0
2024,11,8,8,30,7.6000000000000005,0
2024,11,8,9,30,7.300000000000001,0
2024,11,8,10,30,7,0
2024,11,8,11,30,7.4,2
2024,11,8,12,30,9.3,118
2024,11,8,13,30,12.600000000000001,284
2024,11,8,14,30,15.8,424
2024,11,8,15,30,18,520
2024,11,8,16,30,19.5,559
2024,11,8,17,30,20.3,540
2024,11,8,18,30,20.5,463
2024,11,8,19,30,20,335
2024,11,8,20,30,19,175
2024,11,8,21,30,17.400000000000002,25
2024,11,8,22,30,16.2,0
2024,11,8,23,30,15.600000000000001,0
2024,11,9,0,30,15,0
2024,11,9,1,30,14.3,0
2024,11,9,2,30,13.5,0
2024,11,9,3,30,12.600000000000001,0
2024,11,9,4,30,11.700000000000001,0
2024,11,9,5,30,10.700000000000001,0
2024,11,9,6,30,9.8,0
2024,11,9,7,30,8.9,0
2024,11,9,8,30,7.9,0
2024,11,9,9,30,6.800000000000001,0
2024,11,9,10,30,5.9,0
2024,11,9,11,30,5.4,0
2024,11,9,12,30,6.2,121
2024,11,9,13,30,7.800000000000001,288
2024,11,9,14,30,9.4,432
2024,11,9,15,30,10.9,529
2024,11,9,16,30,12.3,568
2024,11,9,17,30,13.3,549
2024,11,9,18,30,13.9,470
2024,11,9,19,30,13.9,341
2024,11,9,20,30,12.4,179
2024,11,9,21,30,9.9,25
2024,11,9,22,30,8.5,0
2024,11,9,23,30,7.800000000000001,0
2024,11,10,0,30,7,0
2024,11,10,1,30,6.2,0
2024,11,10,2,30,5.5,0
2024,11,10,3,30,5.2,0
2024,11,10,4,30,5.2,0
2024,11,10,5,30,5.1000000000000005,0
2024,11,10,6,30,5.1000000000000005,0
2024,11,10,7,30,5.6000000000000005,0
2024,11,10,8,30,6,0
2024,11,10,9,30,6.2,0
2024,11,10,10,30,6.1000000000000005,0
2024,11,10,11,30,5.9,0
2024,11,10,12,30,7.300000000000001,91
2024,11,10,13,30,9.8,222
2024,11,10,14,30,12.3,241
2024,11,10,15,30,13.9,197
2024,11,10,16,30,14.3,224
2024,11,10,17,30,14.100000000000001,221
2024,11,10,18,30,13.8,154
2024,11,10,19,30,13.5,143
2024,11,10,20,30,12.8,47
2024,11,10,21,30,12.3,12
2024,11,10,22,30,12.200000000000001,0
2024,11,10,23,30,12.100000000000001,0
2024,11,11,0,30,12,0
2024,11,11,1,30,12.3,0
2024,11,11,2,30,12.9,0
2024,11,11,3,30,13.4,0
2024,11,11,4,30,13.600000000000001,0
2024,11,11,5,30,13.5,0
2024,11,11,6,30,13.5,0
2024,11,11,7,30,13.700000000000001,0
2024,11,11,8,30,13.8,0
2024,11,11,9,30,13.8,0
2024,11,11,10,30,13.600000000000001,0
2024,11,11,11,30,13.5,0
2024,11,11,12,30,14.200000000000001,100
2024,11,11,13,30,15.8,258
2024,11,11,14,30,17.900000000000002,398
2024,11,11,15,30,19.6,423
2024,11,11,16,30,20.6,538
2024,11,11,17,30,21,521
2024,11,11,18,30,20.8,446
2024,11,11,19,30,20.200000000000003,322
2024,11,11,20,30,18.400000000000002,166
2024,11,11,21,30,15.600000000000001,19
2024,11,11,22,30,13.8,0
2024,11,11,23,30,13.600000000000001,0
2024,11,12,0,30,13.4,0
2024,11,12,1,30,13.100000000000001,0
2024,11,12,2,30,13.200000000000001,0
2024,11,12,3,30,13.5,0
2024,11,12,4,30,13.5,0
2024,11,12,5,30,13.100000000000001,0
2024,11,12,6,30,12.600000000000001,0
2024,11,12,7,30,11.8,0
2024,11,12,8,30,10.700000000000001,0
2024,11,12,9,30,9.8,0
2024,11,12,10,30,9.200000000000001,0
2024,11,12,11,30,8.9,0
2024,11,12,12,30,9.4,103
2024,11,12,13,30,10,268
2024,11,12,14,30,10.700000000000001,412
2024,11,12,15,30,11.4,510
2024,11,12,16,30,12,554
2024,11,12,17,30,12.5,538
2024,11,12,18,30,12.5,462
2024,11,12,19,30,12.100000000000001,337
2024,11,12,20,30,11.200000000000001,174
2024,11,12,21,30,9.700000000000001,20
2024,11,12,22,30,8.4,0
2024,11,12,23,30,7.4,0
2024,11,13,0,30,6.5,0
2024,11,13,1,30,5.7,0
2024,11,13,2,30,5,0
2024,11,13,3,30,4.4,0
2024,11,13,4,30,3.9000000000000004,0
2024,11,13,5,30,3.3000000000000003,0
2024,11,13,6,30,2.7,0
2024,11,13,7,30,2.1,0
2024,11,13,8,30,1.7000000000000002,0
2024,11,13,9,30,1.3,0
2024,11,13,10,30,1,0
2024,11,13,11,30,1.1,0
2024,11,13,12,30,2.3000000000000003,105
2024,11,13,13,30,4.4,270
2024,11,13,14,30,6.300000000000001,415
2024,11,13,15,30,8,514
2024,11,13,16,30,9.4,556
2024,11,13,17,30,10.5,538
2024,11,13,18,30,11,458
2024,11,13,19,30,10.8,331
2024,11,13,20,30,9.1,170
2024,11,13,21,30,6.4,19
2024,11,13,22,30,4.9,0
2024,11,13,23,30,4.4,0
2024,11,14,0,30,3.7,0
2024,11,14,1,30,3.1,0
2024,11,14,2,30,2.8000000000000003,0
2024,11,14,3,30,2.4000000000000004,0
2024,11,14,4,30,2.3000000000000003,0
2024,11,14,5,30,2.2,0
2024,11,14,6,30,1.7000000000000002,0
2024,11,14,7,30,1.4000000000000001,0
2024,11,14,8,30,1.7000000000000002,0
2024,11,14,9,30,1.8,0
2024,11,14,10,30,1.9000000000000001,0
2024,11,14,11,30,2.3000000000000003,0
2024,11,14,12,30,3.2,38
2024,11,14,13,30,4.4,126
2024,11,14,14,30,5.300000000000001,257
2024,11,14,15,30,6.2,187
2024,11,14,16,30,6.800000000000001,272
2024,11,14,17,30,7.2,273
2024,11,14,18,30,7.300000000000001,300
2024,11,14,19,30,6.9,105
2024,11,14,20,30,5.9,52
2024,11,14,21,30,5,7
2024,11,14,22,30,4.7,0
2024,11,14,23,30,4.6000000000000005,0
2024,11,15,0,30,4.6000000000000005,0
2024,11,15,1,30,4.6000000000000005,0
2024,11,15,2,30,4.5,0
2024,11,15,3,30,4.4,0
2024,11,15,4,30,4.3,0
2024,11,15,5,30,3.8000000000000003,0
2024,11,15,6,30,2.9000000000000004,0
2024,11,15,7,30,2.2,0
2024,11,15,8,30,1.9000000000000001,0
2024,11,15,9,30,1.7000000000000002,0
2024,11,15,10,30,1.4000000000000001,0
2024,11,15,11,30,1.8,0
2024,11,15,12,30,3.7,60
2024,11,15,13,30,6.300000000000001,167
2024,11,15,14,30,8.8,273
2024,11,15,15,30,11,410
2024,11,15,16,30,12.700000000000001,520
2024,11,15,17,30,14.100000000000001,446
2024,11,15,18,30,15,433
2024,11,15,19,30,15.100000000000001,311
2024,11,15,20,30,13.200000000000001,157
2024,11,15,21,30,10.3,16
2024,11,15,22,30,9.5,0
2024,11,15,23,30,9.5,0
2024,11,16,0,30,8.700000000000001,0
2024,11,16,1,30,8,0
2024,11,16,2,30,7.2,0
2024,11,16,3,30,6.5,0
2024,11,16,4,30,5.9,0
2024,11,16,5,30,5.5,0
2024,11,16,6,30,5.2,0
2024,11,16,7,30,5,0
2024,11,16,8,30,5,0
2024,11,16,9,30,5.1000000000000005,0
2024,11,16,10,30,5.2,0
2024,11,16,11,30,5.6000000000000005,0
2024,11,16,12,30,7.1000000000000005,92
2024,11,16,13,30,9.5,252
2024,11,16,14,30,11.600000000000001,391
2024,11,16,15,30,13.5,487
2024,11,16,16,30,15,523
2024,11,16,17,30,16,511
2024,11,16,18,30,16.400000000000002,438
2024,11,16,19,30,16.1,314
2024,11,16,20,30,14.700000000000001,157
2024,11,16,21,30,12.700000000000001,16
2024,11,16,22,30,11.200000000000001,0
2024,11,16,23,30,10.200000000000001,0
2024,11,17,0,30,9.200000000000001,0
2024,11,17,1,30,8.3,0
2024,11,17,2,30,7.5,0
2024,11,17,3,30,6.7,0
2024,11,17,4,30,5.9,0
2024,11,17,5,30,5.4,0
2024,11,17,6,30,5,0
2024,11,17,7,30,4.7,0
2024,11,17,8,30,4.5,0
2024,11,17,9,30,4.2,0
2024,11,17,10,30,3.9000000000000004,0
2024,11,17,11,30,3.9000000000000004,0
2024,11,17,12,30,5.5,88
2024,11,17,13,30,8.5,247
2024,11,17,14,30,11.8,387
2024,11,17,15,30,14.700000000000001,479
2024,11,17,16,30,16.6,443
2024,11,17,17,30,17.7,380
2024,11,17,18,30,17.7,329
2024,11,17,19,30,16.7,206
2024,11,17,20,30,14.100000000000001,77
2024,11,17,21,30,11.5,6
2024,11,17,22,30,10.8,0
2024,11,17,23,30,10.8,0
2024,11,18,0,30,10.4,0
2024,11,18,1,30,9.700000000000001,0
2024,11,18,2,30,8.700000000000001,0
2024,11,18,3,30,7.5,0
2024,11,18,4,30,7.1000000000000005,0
2024,11,18,5,30,7.2,0
2024,11,18,6,30,7.1000000000000005,0
2024,11,18,7,30,6.800000000000001,0
2024,11,18,8,30,6.800000000000001,0
2024,11,18,9,30,6.9,0
2024,11,18,10,30,6.9,0
2024,11,18,11,30,6.9,0
2024,11,18,12,30,8.200000000000001,78
2024,11,18,13,30,11.100000000000001,232
2024,11,18,14,30,14.4,373
2024,11,18,15,30,16.8,471
2024,11,18,16,30,18.1,516
2024,11,18,17,30,19,502
2024,11,18,18,30,19.200000000000003,428
2024,11,18,19,30,18.8,306
2024,11,18,20,30,16.7,151
2024,11,18,21,30,13.5,12
2024,11,18,22,30,12.100000000000001,0
2024,11,18,23,30,11.600000000000001,0
2024,11,19,0,30,10.8,0
2024,11,19,1,30,10,0
2024,11,19,2,30,9.5,0
2024,11,19,3,30,9.1,0
2024,11,19,4,30,8.1,0
2024,11,19,5,30,7.5,0
2024,11,19,6,30,6.800000000000001,0
2024,11,19,7,30,6.1000000000000005,0
2024,11,19,8,30,5.9,0
2024,11,19,9,30,5.6000000000000005,0
2024,11,19,10,30,5.1000000000000005,0
2024,11,19,11,30,5,0
2024,11,19,12,30,6.300000000000001,78
2024,11,19,13,30,9.1,236
2024,11,19,14,30,11.600000000000001,370
2024,11,19,15,30,13.200000000000001,468
2024,11,19,16,30,14.5,425
2024,11,19,17,30,15.700000000000001,300
2024,11,19,18,30,16.3,211
2024,11,19,19,30,16.1,277
2024,11,19,20,30,14.9,95
2024,11,19,21,30,13,11
2024,11,19,22,30,11.3,0
2024,11,19,23,30,10.4,0
2024,11,20,0,30,9.9,0
2024,11,20,1,30,9.3,0
2024,11,20,2,30,8.8,0
2024,11,20,3,30,8.200000000000001,0
2024,11,20,4,30,7.5,0
2024,11,20,5,30,7.1000000000000005,0
2024,11,20,6,30,6.800000000000001,0
2024,11,20,7,30,6.7,0
2024,11,20,8,30,6.6000000000000005,0
2024,11,20,9,30,6.4,0
2024,11,20,10,30,5.9,0
2024,11,20,11,30,5.9,0
2024,11,20,12,30,7.6000000000000005,60
2024,11,20,13,30,10.4,89
2024,11,20,14,30,13.4,356
2024,11,20,15,30,15.600000000000001,396
2024,11,20,16,30,16.6,252
2024,11,20,17,30,17.1,193
2024,11,20,18,30,17,208
2024,11,20,19,30,16.400000000000002,116
2024,11,20,20,30,14.8,48
2024,11,20,21,30,13.200000000000001,6
2024,11,20,22,30,12.5,0
2024,11,20,23,30,12.100000000000001,0
2024,11,21,0,30,11.8,0
2024,11,21,1,30,12,0
2024,11,21,2,30,12.100000000000001,0
2024,11,21,3,30,11.9,0
2024,11,21,4,30,11.700000000000001,0
2024,11,21,5,30,11.4,0
2024,11,21,6,30,11.200000000000001,0
2024,11,21,7,30,10.8,0
2024,11,21,8,30,10.100000000000001,0
2024,11,21,9,30,8.9,0
2024,11,21,10,30,7.5,0
2024,11,21,11,30,6.5,0
2024,11,21,12,30,6.1000000000000005,47
2024,11,21,13,30,6.2,16
2024,11,21,14,30,6.800000000000001,70
2024,11,21,15,30,7.6000000000000005,79
2024,11,21,16,30,8.3,88
2024,11,21,17,30,8.5,71
2024,11,21,18,30,8.5,67
2024,11,21,19,30,8.200000000000001,28
2024,11,21,20,30,7.7,22
2024,11,21,21,30,6.9,6
2024,11,21,22,30,6.2,0
2024,11,21,23,30,5.4,0
2024,11,22,0,30,4.6000000000000005,0
2024,11,22,1,30,3.9000000000000004,0
2024,11,22,2,30,3.5,0
2024,11,22,3,30,3.4000000000000004,0
2024,11,22,4,30,3.5,0
2024,11,22,5,30,3.5,0
2024,11,22,6,30,3.5,0
2024,11,22,7,30,3.6,0
2024,11,22,8,30,3.6,0
2024,11,22,9,30,3.5,0
2024,11,22,10,30,3.3000000000000003,0
2024,11,22,11,30,3,0
2024,11,22,12,30,2.9000000000000004,31
2024,11,22,13,30,3.2,84
2024,11,22,14,30,3.6,52
2024,11,22,15,30,3.9000000000000004,190
2024,11,22,16,30,4.1000000000000005,116
2024,11,22,17,30,4.2,259
2024,11,22,18,30,4,48
2024,11,22,19,30,3.5,58
2024,11,22,20,30,3,45
2024,11,22,21,30,2.5,6
2024,11,22,22,30,2.3000000000000003,0
2024,11,22,23,30,2.1,0
2024,11,23,0,30,2,0
2024,11,23,1,30,1.8,0
2024,11,23,2,30,1.8,0
2024,11,23,3,30,1.9000000000000001,0
2024,11,23,4,30,1.9000000000000001,0
2024,11,23,5,30,2,0
2024,11,23,6,30,2,0
2024,11,23,7,30,2.1,0
2024,11,23,8,30,2.3000000000000003,0
2024,11,23,9,30,2.1,0
2024,11,23,10,30,1.9000000000000001,0
2024,11,23,11,30,1.9000000000000001,0
2024,11,23,12,30,2.6,67
2024,11,23,13,30,4.3,104
2024,11,23,14,30,6.5,312
2024,11,23,15,30,8.4,457
2024,11,23,16,30,9.4,326
2024,11,23,17,30,9.8,261
2024,11,23,18,30,9.700000000000001,415
2024,11,23,19,30,9.3,294
2024,11,23,20,30,8.4,141
2024,11,23,21,30,7.4,10
2024,11,23,22,30,6.9,0
2024,11,23,23,30,6.7,0
2024,11,24,0,30,6.6000000000000005,0
2024,11,24,1,30,6.5,0
2024,11,24,2,30,6.4,0
2024,11,24,3,30,6.300000000000001,0
2024,11,24,4,30,6.2,0
2024,11,24,5,30,6.1000000000000005,0
2024,11,24,6,30,6,0
2024,11,24,7,30,5.9,0
2024,11,24,8,30,5.800000000000001,0
2024,11,24,9,30,5.5,0
2024,11,24,10,30,5.2,0
2024,11,24,11,30,5,0
2024,11,24,12,30,5.800000000000001,64
2024,11,24,13,30,7.6000000000000005,196
2024,11,24,14,30,9.5,351
2024,11,24,15,30,10.700000000000001,395
2024,11,24,16,30,11.3,363
2024,11,24,17,30,11.600000000000001,375
2024,11,24,18,30,11.8,392
2024,11,24,19,30,11.5,236
2024,11,24,20,30,10.5,90
2024,11,24,21,30,9.1,8
2024,11,24,22,30,8,0
2024,11,24,23,30,6.9,0
2024,11,25,0,30,5.800000000000001,0
2024,11,25,1,30,4.800000000000001,0
2024,11,25,2,30,4.1000000000000005,0
2024,11,25,3,30,3.5,0
2024,11,25,4,30,2.8000000000000003,0
2024,11,25,5,30,2.5,0
2024,11,25,6,30,2.9000000000000004,0
2024,11,25,7,30,3.5,0
2024,11,25,8,30,3.7,0
2024,11,25,9,30,3.4000000000000004,0
2024,11,25,10,30,2.9000000000000004,0
2024,11,25,11,30,2.7,0
2024,11,25,12,30,3.4000000000000004,64
2024,11,25,13,30,5.1000000000000005,215
2024,11,25,14,30,7.2,352
2024,11,25,15,30,9.1,445
2024,11,25,16,30,10.700000000000001,487
2024,11,25,17,30,12,472
2024,11,25,18,30,12.700000000000001,354
2024,11,25,19,30,12.4,276
2024,11,25,20,30,11.100000000000001,120
2024,11,25,21,30,9.700000000000001,7
2024,11,25,22,30,8.700000000000001,0
2024,11,25,23,30,7.9,0
2024,11,26,0,30,7.7,0
2024,11,26,1,30,7.9,0
2024,11,26,2,30,8.1,0
2024,11,26,3,30,8.200000000000001,0
2024,11,26,4,30,8.200000000000001,0
2024,11,26,5,30,8.3,0
2024,11,26,6,30,8.5,0
2024,11,26,7,30,8.700000000000001,0
2024,11,26,8,30,8.8,0
2024,11,26,9,30,8.9,0
2024,11,26,10,30,9.1,0
2024,11,26,11,30,9.9,0
2024,11,26,12,30,10.9,46
2024,11,26,13,30,11.8,40
2024,11,26,14,30,12,53
2024,11,26,15,30,11.600000000000001,182
2024,11,26,16,30,12.4,191
2024,11,26,17,30,14.100000000000001,406
2024,11,26,18,30,14.9,394
2024,11,26,19,30,14.3,286
2024,11,26,20,30,12.700000000000001,137
2024,11,26,21,30,10.600000000000001,7
2024,11,26,22,30,9,0
2024,11,26,23,30,7.800000000000001,0
2024,11,27,0,30,6.6000000000000005,0
2024,11,27,1,30,5.5,0
2024,11,27,2,30,4.4,0
2024,11,27,3,30,3.7,0
2024,11,27,4,30,3.1,0
2024,11,27,5,30,2.5,0
2024,11,27,6,30,2.4000000000000004,0
2024,11,27,7,30,2.6,0
2024,11,27,8,30,2.3000000000000003,0
2024,11,27,9,30,1.7000000000000002,0
2024,11,27,10,30,1.3,0
2024,11,27,11,30,1.4000000000000001,0
2024,11,27,12,30,2.9000000000000004,47
2024,11,27,13,30,5.800000000000001,211
2024,11,27,14,30,8.1,348
2024,11,27,15,30,9.4,330
2024,11,27,16,30,10.3,464
2024,11,27,17,30,10.8,465
2024,11,27,18,30,11,321
2024,11,27,19,30,10.600000000000001,221
2024,11,27,20,30,8.700000000000001,99
2024,11,27,21,30,6.7,4
2024,11,27,22,30,5.800000000000001,0
2024,11,27,23,30,5,0
2024,11,28,0,30,4.5,0
2024,11,28,1,30,4.6000000000000005,0
2024,11,28,2,30,4.9,0
2024,11,28,3,30,5.300000000000001,0
2024,11,28,4,30,5.800000000000001,0
2024,11,28,5,30,5.9,0
2024,11,28,6,30,5.2,0
2024,11,28,7,30,5.1000000000000005,0
2024,11,28,8,30,5.7,0
2024,11,28,9,30,6.6000000000000005,0
2024,11,28,10,30,7.7,0
2024,11,28,11,30,8.6,0
2024,11,28,12,30,9.3,3
2024,11,28,13,30,10,13
2024,11,28,14,30,10.9,11
2024,11,28,15,30,11.700000000000001,20
2024,11,28,16,30,12.200000000000001,24
2024,11,28,17,30,12.3,60
2024,11,28,18,30,11.600000000000001,44
2024,11,28,19,30,9.700000000000001,33
2024,11,28,20,30,7.300000000000001,122
2024,11,28,21,30,5.7,6
2024,11,28,22,30,4.800000000000001,0
2024,11,28,23,30,4.3,0
2024,11,29,0,30,4,0
2024,11,29,1,30,3.7,0
2024,11,29,2,30,3.5,0
2024,11,29,3,30,3.3000000000000003,0
2024,11,29,4,30,3,0
2024,11,29,5,30,2.6,0
2024,11,29,6,30,2.1,0
2024,11,29,7,30,1.5,0
2024,11,29,8,30,1.2000000000000002,0
2024,11,29,9,30,1,0
2024,11,29,10,30,1,0
2024,11,29,11,30,1.3,0
2024,11,29,12,30,2.4000000000000004,52
2024,11,29,13,30,4.1000000000000005,159
2024,11,29,14,30,6,341
2024,11,29,15,30,7.300000000000001,440
2024,11,29,16,30,8,469
2024,11,29,17,30,8.200000000000001,139
2024,11,29,18,30,8.200000000000001,57
2024,11,29,19,30,7.7,46
2024,11,29,20,30,6.4,31
2024,11,29,21,30,4.800000000000001,6
2024,11,29,22,30,3.3000000000000003,0
2024,11,29,23,30,2,0
2024,11,30,0,30,1,0
2024,11,30,1,30,0.4,0
2024,11,30,2,30,-0.1,0
2024,11,30,3,30,-0.5,0
2024,11,30,4,30,-0.8,0
2024,11,30,5,30,-1.3,0
2024,11,30,6,30,-1.9000000000000001,0
2024,11,30,7,30,-2.3000000000000003,0
2024,11,30,8,30,-2.6,0
2024,11,30,9,30,-3,0
2024,11,30,10,30,-3.4000000000000004,0
2024,11,30,11,30,-3.4000000000000004,0
2024,11,30,12,30,-2.4000000000000004,52
2024,11,30,13,30,-0.4,203
2024,11,30,14,30,1.5,344
2024,11,30,15,30,3,445
2024,11,30,16,30,3.8000000000000003,490
2024,11,30,17,30,4.1000000000000005,475
2024,11,30,18,30,3.9000000000000004,404
2024,11,30,19,30,3.3000000000000003,133
2024,11,30,20,30,2.3000000000000003,128
2024,11,30,21,30,1.1,6
2024,11,30,22,30,0.1,0
2024,11,30,23,30,-0.7000000000000001,0
2024,12,1,0,30,-1.6,0
2024,12,1,1,30,-2.3000000000000003,0
2024,12,1,2,30,-2.9000000000000004,0
2024,12,1,3,30,-3.4000000000000004,0
2024,12,1,4,30,-3.8000000000000003,0
2024,12,1,5,30,-4,0
2024,12,1,6,30,-4.2,0
2024,12,1,7,30,-4.2,0
2024,12,1,8,30,-3.9000000000000004,0
2024,12,1,9,30,-3.5,0
2024,12,1,10,30,-3.2,0
2024,12,1,11,30,-2.8000000000000003,0
2024,12,1,12,30,-2.1,20
2024,12,1,13,30,-0.8,96
2024,12,1,14,30,0.4,160
2024,12,1,15,30,1.6,258
2024,12,1,16,30,2.6,272
2024,12,1,17,30,3.3000000000000003,340
2024,12,1,18,30,3.5,329
2024,12,1,19,30,3.2,246
2024,12,1,20,30,2,107
2024,12,1,21,30,0.6000000000000001,6
2024,12,1,22,30,-0.4,0
2024,12,1,23,30,-1.4000000000000001,0
2024,12,2,0,30,-2.2,0
2024,12,2,1,30,-2.8000000000000003,0
2024,12,2,2,30,-3,0
2024,12,2,3,30,-3.2,0
2024,12,2,4,30,-3.1,0
2024,12,2,5,30,-3.1,0
2024,12,2,6,30,-3.3000000000000003,0
2024,12,2,7,30,-3.4000000000000004,0
2024,12,2,8,30,-3.3000000000000003,0
2024,12,2,9,30,-3.4000000000000004,0
2024,12,2,10,30,-3.6,0
2024,12,2,11,30,-3.4000000000000004,0
2024,12,2,12,30,-2.2,47
2024,12,2,13,30,-0.1,195
2024,12,2,14,30,1.7000000000000002,335
2024,12,2,15,30,3.1,435
2024,12,2,16,30,3.9000000000000004,480
2024,12,2,17,30,4.2,466
2024,12,2,18,30,4,396
2024,12,2,19,30,3.3000000000000003,136
2024,12,2,20,30,1.5,70
2024,12,2,21,30,-0.30000000000000004,4
2024,12,2,22,30,-0.8,0
2024,12,2,23,30,-0.9,0
2024,12,3,0,30,-1,0
2024,12,3,1,30,-1.1,0
2024,12,3,2,30,-1.3,0
2024,12,3,3,30,-1.5,0
2024,12,3,4,30,-1.5,0
2024,12,3,5,30,-1.4000000000000001,0
2024,12,3,6,30,-1.4000000000000001,0
2024,12,3,7,30,-1.6,0
2024,12,3,8,30,-1.8,0
2024,12,3,9,30,-2,0
2024,12,3,10,30,-2.2,0
2024,12,3,11,30,-2.2,0
2024,12,3,12,30,-0.9,39
2024,12,3,13,30,1.1,193
2024,12,3,14,30,2.9000000000000004,333
2024,12,3,15,30,4.1000000000000005,432
2024,12,3,16,30,4.9,466
2024,12,3,17,30,5.2,439
2024,12,3,18,30,5,339
2024,12,3,19,30,4.2,214
2024,12,3,20,30,2.5,61
2024,12,3,21,30,1,6
2024,12,3,22,30,0.8,0
2024,12,3,23,30,0.4,0
2024,12,4,0,30,-0.30000000000000004,0
2024,12,4,1,30,-1.1,0
2024,12,4,2,30,-1.9000000000000001,0
2024,12,4,3,30,-2.4000000000000004,0
2024,12,4,4,30,-2.8000000000000003,0
2024,12,4,5,30,-3,0
2024,12,4,6,30,-3.1,0
2024,12,4,7,30,-3,0
2024,12,4,8,30,-2.9000000000000004,0
2024,12,4,9,30,-2.9000000000000004,0
2024,12,4,10,30,-2.8000000000000003,0
2024,12,4,11,30,-2.4000000000000004,0
2024,12,4,12,30,-1.2000000000000002,42
2024,12,4,13,30,0.7000000000000001,187
2024,12,4,14,30,2.3000000000000003,285
2024,12,4,15,30,3.4000000000000004,303
2024,12,4,16,30,3.6,262
2024,12,4,17,30,3.8000000000000003,202
2024,12,4,18,30,4,212
2024,12,4,19,30,3.9000000000000004,96
2024,12,4,20,30,3.1,102
2024,12,4,21,30,2.5,4
2024,12,4,22,30,2.6,0
2024,12,4,23,30,2.9000000000000004,0
2024,12,5,0,30,3,0
2024,12,5,1,30,2.5,0
2024,12,5,2,30,1.9000000000000001,0
2024,12,5,3,30,1.6,0
2024,12,5,4,30,1.5,0
2024,12,5,5,30,1.4000000000000001,0
2024,12,5,6,30,1.2000000000000002,0
2024,12,5,7,30,1.1,0
2024,12,5,8,30,1.3,0
2024,12,5,9,30,1.4000000000000001,0
2024,12,5,10,30,1.6,0
2024,12,5,11,30,1.7000000000000002,0
2024,12,5,12,30,1.8,14
2024,12,5,13,30,2.6,41
2024,12,5,14,30,3.4000000000000004,152
2024,12,5,15,30,3.3000000000000003,243
2024,12,5,16,30,3.3000000000000003,287
2024,12,5,17,30,3.2,275
2024,12,5,18,30,3.2,316
2024,12,5,19,30,3.2,265
2024,12,5,20,30,2.6,123
2024,12,5,21,30,1.7000000000000002,6
2024,12,5,22,30,0.7000000000000001,0
2024,12,5,23,30,0,0
2024,12,6,0,30,-0.6000000000000001,0
2024,12,6,1,30,-1.1,0
2024,12,6,2,30,-1.4000000000000001,0
2024,12,6,3,30,-1.5,0
2024,12,6,4,30,-1.5,0
2024,12,6,5,30,-1.4000000000000001,0
2024,12,6,6,30,-1.3,0
2024,12,6,7,30,-1.4000000000000001,0
2024,12,6,8,30,-1.5,0
2024,12,6,9,30,-1.7000000000000002,0
2024,12,6,10,30,-1.8,0
2024,12,6,11,30,-1.8,0
2024,12,6,12,30,-1.5,38
2024,12,6,13,30,-0.9,167
2024,12,6,14,30,-0.1,332
2024,12,6,15,30,0.6000000000000001,433
2024,12,6,16,30,1.3,476
2024,12,6,17,30,1.7000000000000002,465
2024,12,6,18,30,1.9000000000000001,397
2024,12,6,19,30,1.6,274
2024,12,6,20,30,0.30000000000000004,129
2024,12,6,21,30,-1.2000000000000002,6
2024,12,6,22,30,-1.7000000000000002,0
2024,12,6,23,30,-1.8,0
2024,12,7,0,30,-1.6,0
2024,12,7,1,30,-1.3,0
2024,12,7,2,30,-1.3,0
2024,12,7,3,30,-1.5,0
2024,12,7,4,30,-1.8,0
2024,12,7,5,30,-2,0
2024,12,7,6,30,-2.2,0
2024,12,7,7,30,-2.1,0
2024,12,7,8,30,-2,0
2024,12,7,9,30,-2.1,0
2024,12,7,10,30,-2.2,0
2024,12,7,11,30,-2.5,0
2024,12,7,12,30,-1.8,24
2024,12,7,13,30,-0.1,59
2024,12,7,14,30,1.7000000000000002,265
2024,12,7,15,30,3,422
2024,12,7,16,30,3.9000000000000004,466
2024,12,7,17,30,4.4,453
2024,12,7,18,30,4.5,322
2024,12,7,19,30,3.9000000000000004,139
2024,12,7,20,30,2,92
2024,12,7,21,30,0.2,3
2024,12,7,22,30,0.30000000000000004,0
2024,12,7,23,30,0.6000000000000001,0
2024,12,8,0,30,0.7000000000000001,0
2024,12,8,1,30,0.8,0
2024,12,8,2,30,0.8,0
2024,12,8,3,30,0.8,0
2024,12,8,4,30,0.8,0
2024,12,8,5,30,0.9,0
2024,12,8,6,30,1.1,0
2024,12,8,7,30,1.1,0
2024,12,8,8,30,1.1,0
2024,12,8,9,30,1.2000000000000002,0
2024,12,8,10,30,1.3,0
2024,12,8,11,30,1.3,0
2024,12,8,12,30,1.8,32
2024,12,8,13,30,3.2,72
2024,12,8,14,30,5.1000000000000005,296
2024,12,8,15,30,7.1000000000000005,388
2024,12,8,16,30,8.700000000000001,345
2024,12,8,17,30,10.100000000000001,257
2024,12,8,18,30,10.8,267
2024,12,8,19,30,10.5,248
2024,12,8,20,30,9.200000000000001,116
2024,12,8,21,30,7.6000000000000005,5
2024,12,8,22,30,6.5,0
2024,12,8,23,30,5.7,0
2024,12,9,0,30,5,0
2024,12,9,1,30,4,0
2024,12,9,2,30,2.9000000000000004,0
2024,12,9,3,30,2.2,0
2024,12,9,4,30,2.2,0
2024,12,9,5,30,2.5,0
2024,12,9,6,30,2.6,0
2024,12,9,7,30,2.4000000000000004,0
2024,12,9,8,30,2.3000000000000003,0
2024,12,9,9,30,2.3000000000000003,0
2024,12,9,10,30,2.2,0
2024,12,9,11,30,2.4000000000000004,0
2024,12,9,12,30,4.2,22
2024,12,9,13,30,6.9,85
2024,12,9,14,30,8.200000000000001,158
2024,12,9,15,30,8.700000000000001,132
2024,12,9,16,30,9.200000000000001,92
2024,12,9,17,30,10.100000000000001,82
2024,12,9,18,30,10.8,46
2024,12,9,19,30,10.700000000000001,102
2024,12,9,20,30,9.600000000000001,16
2024,12,9,21,30,8.200000000000001,1
2024,12,9,22,30,7.800000000000001,0
2024,12,9,23,30,7.7,0
2024,12,10,0,30,7,0
2024,12,10,1,30,6.2,0
2024,12,10,2,30,5.7,0
2024,12,10,3,30,5.6000000000000005,0
2024,12,10,4,30,5.5,0
2024,12,10,5,30,5.4,0
2024,12,10,6,30,5.1000000000000005,0
2024,12,10,7,30,4.800000000000001,0
2024,12,10,8,30,4.6000000000000005,0
2024,12,10,9,30,4.6000000000000005,0
2024,12,10,10,30,4.6000000000000005,0
2024,12,10,11,30,4.800000000000001,0
2024,12,10,12,30,5.5,18
2024,12,10,13,30,6.6000000000000005,8
2024,12,10,14,30,7.9,90
2024,12,10,15,30,8.9,310
2024,12,10,16,30,9.700000000000001,300
2024,12,10,17,30,10.3,110
2024,12,10,18,30,10.600000000000001,171
2024,12,10,19,30,10.600000000000001,97
2024,12,10,20,30,10.200000000000001,54
2024,12,10,21,30,9.9,2
2024,12,10,22,30,9.8,0
2024,12,10,23,30,9.8,0
2024,12,11,0,30,10,0
2024,12,11,1,30,10.4,0
2024,12,11,2,30,10.700000000000001,0
2024,12,11,3,30,10.8,0
2024,12,11,4,30,11,0
2024,12,11,5,30,11.100000000000001,0
2024,12,11,6,30,11.4,0
2024,12,11,7,30,12.100000000000001,0
2024,12,11,8,30,12.200000000000001,0
2024,12,11,9,30,12.100000000000001,0
2024,12,11,10,30,12.4,0
2024,12,11,11,30,13.200000000000001,0
2024,12,11,12,30,13.9,8
2024,12,11,13,30,14.200000000000001,22
2024,12,11,14,30,14.4,69
2024,12,11,15,30,14.9,47
2024,12,11,16,30,15.4,36
2024,12,11,17,30,16,20
2024,12,11,18,30,16.2,23
2024,12,11,19,30,16.3,26
2024,12,11,20,30,16.1,14
2024,12,11,21,30,14.3,0
2024,12,11,22,30,11,0
2024,12,11,23,30,7.9,0
2024,12,12,0,30,5.7,0
2024,12,12,1,30,4.3,0
2024,12,12,2,30,3.8000000000000003,0
2024,12,12,3,30,3.9000000000000004,0
2024,12,12,4,30,3.5,0
2024,12,12,5,30,2.8000000000000003,0
2024,12,12,6,30,2,0
2024,12,12,7,30,1.4000000000000001,0
2024,12,12,8,30,0.9,0
2024,12,12,9,30,0.6000000000000001,0
2024,12,12,10,30,0.4,0
2024,12,12,11,30,0.5,0
2024,12,12,12,30,1.4000000000000001,28
2024,12,12,13,30,2.7,174
2024,12,12,14,30,3.8000000000000003,316
2024,12,12,15,30,4.5,419
2024,12,12,16,30,4.7,470
2024,12,12,17,30,4.5,467
2024,12,12,18,30,4,400
2024,12,12,19,30,3.1,284
2024,12,12,20,30,1.9000000000000001,108
2024,12,12,21,30,0.8,5
2024,12,12,22,30,0,0
2024,12,12,23,30,-0.8,0
2024,12,13,0,30,-2,0
2024,12,13,1,30,-3.3000000000000003,0
2024,12,13,2,30,-4.1000000000000005,0
2024,12,13,3,30,-4.4,0
2024,12,13,4,30,-4.5,0
2024,12,13,5,30,-4.4,0
2024,12,13,6,30,-4.1000000000000005,0
2024,12,13,7,30,-3.9000000000000004,0
2024,12,13,8,30,-3.9000000000000004,0
2024,12,13,9,30,-4,0
2024,12,13,10,30,-4.1000000000000005,0
2024,12,13,11,30,-4.1000000000000005,0
2024,12,13,12,30,-3.3000000000000003,26
2024,12,13,13,30,-1.9000000000000001,156
2024,12,13,14,30,-0.6000000000000001,309
2024,12,13,15,30,0.5,413
2024,12,13,16,30,1.3,464
2024,12,13,17,30,1.8,460
2024,12,13,18,30,1.8,395
2024,12,13,19,30,1.2000000000000002,279
2024,12,13,20,30,-0.9,131
2024,12,13,21,30,-3.2,6
2024,12,13,22,30,-3.8000000000000003,0
2024,12,13,23,30,-3.9000000000000004,0
2024,12,14,0,30,-3.9000000000000004,0
2024,12,14,1,30,-3.9000000000000004,0
2024,12,14,2,30,-4.1000000000000005,0
2024,12,14,3,30,-4.2,0
2024,12,14,4,30,-4.2,0
2024,12,14,5,30,-4.1000000000000005,0
2024,12,14,6,30,-4.2,0
2024,12,14,7,30,-4.2,0
2024,12,14,8,30,-4.2,0
2024,12,14,9,30,-4.2,0
2024,12,14,10,30,-4.1000000000000005,0
2024,12,14,11,30,-4.1000000000000005,0
2024,12,14,12,30,-3.2,27
2024,12,14,13,30,-1.5,173
2024,12,14,14,30,-0.1,317
2024,12,14,15,30,1,421
2024,12,14,16,30,1.8,467
2024,12,14,17,30,2.2,460
2024,12,14,18,30,2.2,395
2024,12,14,19,30,1.5,280
2024,12,14,20,30,-0.2,132
2024,12,14,21,30,-1.7000000000000002,7
2024,12,14,22,30,-2.3000000000000003,0
2024,12,14,23,30,-2.6,0
2024,12,15,0,30,-2.9000000000000004,0
2024,12,15,1,30,-2.9000000000000004,0
2024,12,15,2,30,-2.9000000000000004,0
2024,12,15,3,30,-2.8000000000000003,0
2024,12,15,4,30,-2.8000000000000003,0
2024,12,15,5,30,-2.9000000000000004,0
2024,12,15,6,30,-3.1,0
2024,12,15,7,30,-3.3000000000000003,0
2024,12,15,8,30,-3.2,0
2024,12,15,9,30,-2.9000000000000004,0
2024,12,15,10,30,-2.8000000000000003,0
2024,12,15,11,30,-2.4000000000000004,0
2024,12,15,12,30,-1.5,10
2024,12,15,13,30,0.2,102
2024,12,15,14,30,2.2,283
2024,12,15,15,30,3.5,286
2024,12,15,16,30,3.9000000000000004,161
2024,12,15,17,30,3.6,205
2024,12,15,18,30,3.1,95
2024,12,15,19,30,2.5,33
2024,12,15,20,30,2,23
2024,12,15,21,30,1.7000000000000002,2
2024,12,15,22,30,1.3,0
2024,12,15,23,30,1,0
2024,12,16,0,30,1.5,0
2024,12,16,1,30,1.9000000000000001,0
2024,12,16,2,30,2,0
2024,12,16,3,30,2.1,0
2024,12,16,4,30,2.3000000000000003,0
2024,12,16,5,30,3,0
2024,12,16,6,30,3.4000000000000004,0
2024,12,16,7,30,3.1,0
2024,12,16,8,30,3,0
2024,12,16,9,30,3.1,0
2024,12,16,10,30,3.2,0
2024,12,16,11,30,3.5,0
2024,12,16,12,30,3.9000000000000004,9
2024,12,16,13,30,4.5,24
2024,12,16,14,30,5.1000000000000005,59
2024,12,16,15,30,5.800000000000001,95
2024,12,16,16,30,6.4,279
2024,12,16,17,30,7,91
2024,12,16,18,30,7.4,85
2024,12,16,19,30,7.300000000000001,154
2024,12,16,20,30,6.800000000000001,48
2024,12,16,21,30,6.5,5
2024,12,16,22,30,6.4,0
2024,12,16,23,30,6.7,0
2024,12,17,0,30,6.6000000000000005,0
2024,12,17,1,30,6.4,0
2024,12,17,2,30,6.2,0
2024,12,17,3,30,6.1000000000000005,0
2024,12,17,4,30,6.5,0
2024,12,17,5,30,6.800000000000001,0
2024,12,17,6,30,7,0
2024,12,17,7,30,7.4,0
2024,12,17,8,30,7.6000000000000005,0
2024,12,17,9,30,7.7,0
2024,12,17,10,30,7.7,0
2024,12,17,11,30,7.5,0
2024,12,17,12,30,7.7,16
2024,12,17,13,30,8.5,94
2024,12,17,14,30,9.600000000000001,82
2024,12,17,15,30,11,156
2024,12,17,16,30,12.3,206
2024,12,17,17,30,13.100000000000001,401
2024,12,17,18,30,13,367
2024,12,17,19,30,12,272
2024,12,17,20,30,9.4,129
2024,12,17,21,30,7.5,7
2024,12,17,22,30,7.2,0
2024,12,17,23,30,6.5,0
2024,12,18,0,30,5.6000000000000005,0
2024,12,18,1,30,4.9,0
2024,12,18,2,30,4.5,0
2024,12,18,3,30,4,0
2024,12,18,4,30,3.2,0
2024,12,18,5,30,2.4000000000000004,0
2024,12,18,6,30,1.8,0
2024,12,18,7,30,1.4000000000000001,0
2024,12,18,8,30,1,0
2024,12,18,9,30,0.7000000000000001,0
2024,12,18,10,30,0.6000000000000001,0
2024,12,18,11,30,0.8,0
2024,12,18,12,30,2.3000000000000003,21
2024,12,18,13,30,5,154
2024,12,18,14,30,7.7,293
2024,12,18,15,30,10,396
2024,12,18,16,30,11.200000000000001,447
2024,12,18,17,30,11.700000000000001,438
2024,12,18,18,30,11.9,324
2024,12,18,19,30,11.100000000000001,142
2024,12,18,20,30,9.8,48
2024,12,18,21,30,9.1,2
2024,12,18,22,30,8.700000000000001,0
2024,12,18,23,30,8.5,0
2024,12,19,0,30,8.200000000000001,0
2024,12,19,1,30,7.9,0
2024,12,19,2,30,7.5,0
2024,12,19,3,30,6.7,0
2024,12,19,4,30,5.6000000000000005,0
2024,12,19,5,30,4.4,0
2024,12,19,6,30,3.8000000000000003,0
2024,12,19,7,30,3.6,0
2024,12,19,8,30,3.4000000000000004,0
2024,12,19,9,30,2.8000000000000003,0
2024,12,19,10,30,2,0
2024,12,19,11,30,1.2000000000000002,0
2024,12,19,12,30,1.8,20
2024,12,19,13,30,3.8000000000000003,161
2024,12,19,14,30,5.4,303
2024,12,19,15,30,6.300000000000001,406
2024,12,19,16,30,7,456
2024,12,19,17,30,7.2,376
2024,12,19,18,30,7,242
2024,12,19,19,30,6.1000000000000005,138
2024,12,19,20,30,4.5,36
2024,12,19,21,30,3.3000000000000003,1
2024,12,19,22,30,3,0
2024,12,19,23,30,2.6,0
2024,12,20,0,30,1.9000000000000001,0
2024,12,20,1,30,1.1,0
2024,12,20,2,30,0.4,0
2024,12,20,3,30,0,0
2024,12,20,4,30,0,0
2024,12,20,5,30,0.2,0
2024,12,20,6,30,0.2,0
2024,12,20,7,30,0.1,0
2024,12,20,8,30,0,0
2024,12,20,9,30,0.1,0
2024,12,20,10,30,0.4,0
2024,12,20,11,30,0.6000000000000001,0
2024,12,20,12,30,0.9,5
2024,12,20,13,30,1.5,14
2024,12,20,14,30,2,9
2024,12,20,15,30,2.2,18
2024,12,20,16,30,2.1,59
2024,12,20,17,30,2.1,39
2024,12,20,18,30,2.2,9
2024,12,20,19,30,2.1,17
2024,12,20,20,30,1.6,30
2024,12,20,21,30,1.1,3
2024,12,20,22,30,0.8,0
2024,12,20,23,30,0.5,0
2024,12,21,0,30,-0.1,0
2024,12,21,1,30,-0.9,0
2024,12,21,2,30,-1.5,0
2024,12,21,3,30,-1.7000000000000002,0
2024,12,21,4,30,-1.6,0
2024,12,21,5,30,-1.4000000000000001,0
2024,12,21,6,30,-1.1,0
2024,12,21,7,30,-0.9,0
2024,12,21,8,30,-0.7000000000000001,0
2024,12,21,9,30,-0.6000000000000001,0
2024,12,21,10,30,-0.6000000000000001,0
2024,12,21,11,30,-0.8,0
2024,12,21,12,30,-1.2000000000000002,11
2024,12,21,13,30,-1.3,113
2024,12,21,14,30,-1,304
2024,12,21,15,30,-0.5,416
2024,12,21,16,30,-0.30000000000000004,352
2024,12,21,17,30,-0.4,325
2024,12,21,18,30,-0.7000000000000001,227
2024,12,21,19,30,-1.4000000000000001,125
2024,12,21,20,30,-2.3000000000000003,80
2024,12,21,21,30,-3.1,5
2024,12,21,22,30,-3.6,0
2024,12,21,23,30,-4,0
2024,12,22,0,30,-4.6000000000000005,0
2024,12,22,1,30,-5.300000000000001,0
2024,12,22,2,30,-5.800000000000001,0
2024,12,22,3,30,-6.1000000000000005,0
2024,12,22,4,30,-6.4,0
2024,12,22,5,30,-6.6000000000000005,0
2024,12,22,6,30,-6.800000000000001,0
2024,12,22,7,30,-7,0
2024,12,22,8,30,-7.2,0
2024,12,22,9,30,-7.300000000000001,0
2024,12,22,10,30,-7.1000000000000005,0
2024,12,22,11,30,-7.1000000000000005,0
2024,12,22,12,30,-7,20
2024,12,22,13,30,-6.4,168
2024,12,22,14,30,-5.800000000000001,318
2024,12,22,15,30,-5.1000000000000005,430
2024,12,22,16,30,-4.5,487
2024,12,22,17,30,-4,483
2024,12,22,18,30,-3.8000000000000003,419
2024,12,22,19,30,-4.2,302
2024,12,22,20,30,-5.2,148
2024,12,22,21,30,-6.4,11
2024,12,22,22,30,-7.1000000000000005,0
2024,12,22,23,30,-7.7,0
2024,12,23,0,30,-8.200000000000001,0
2024,12,23,1,30,-8.8,0
2024,12,23,2,30,-9.3,0
2024,12,23,3,30,-9.8,0
2024,12,23,4,30,-10.200000000000001,0
2024,12,23,5,30,-10.700000000000001,0
2024,12,23,6,30,-11,0
2024,12,23,7,30,-11.4,0
2024,12,23,8,30,-11.700000000000001,0
2024,12,23,9,30,-11.9,0
2024,12,23,10,30,-12.100000000000001,0
2024,12,23,11,30,-12,0
2024,12,23,12,30,-10.9,19
2024,12,23,13,30,-8.8,164
2024,12,23,14,30,-6.5,298
2024,12,23,15,30,-4.7,419
2024,12,23,16,30,-3.5,466
2024,12,23,17,30,-2.6,468
2024,12,23,18,30,-2.1,403
2024,12,23,19,30,-2.2,288
2024,12,23,20,30,-3.3000000000000003,137
2024,12,23,21,30,-4.7,10
2024,12,23,22,30,-5.1000000000000005,0
2024,12,23,23,30,-5,0
2024,12,24,0,30,-4.4,0
2024,12,24,1,30,-3.9000000000000004,0
2024,12,24,2,30,-3.6,0
2024,12,24,3,30,-3.4000000000000004,0
2024,12,24,4,30,-3.2,0
2024,12,24,5,30,-3.2,0
2024,12,24,6,30,-3.2,0
2024,12,24,7,30,-3.2,0
2024,12,24,8,30,-3.2,0
2024,12,24,9,30,-3.1,0
2024,12,24,10,30,-2.9000000000000004,0
2024,12,24,11,30,-2.6,0
2024,12,24,12,30,-2.2,9
2024,12,24,13,30,-1.6,17
2024,12,24,14,30,-0.7000000000000001,39
2024,12,24,15,30,0.8,57
2024,12,24,16,30,2.3000000000000003,280
2024,12,24,17,30,3.6,215
2024,12,24,18,30,4.2,242
2024,12,24,19,30,3.6,276
2024,12,24,20,30,1.5,133
2024,12,24,21,30,-0.2,6
2024,12,24,22,30,-0.5,0
2024,12,24,23,30,-0.6000000000000001,0
2024,12,25,0,30,-0.8,0
2024,12,25,1,30,-1.1,0
2024,12,25,2,30,-1.5,0
2024,12,25,3,30,-1.9000000000000001,0
2024,12,25,4,30,-2.3000000000000003,0
2024,12,25,5,30,-2.8000000000000003,0
2024,12,25,6,30,-2.9000000000000004,0
2024,12,25,7,30,-2.9000000000000004,0
2024,12,25,8,30,-2.9000000000000004,0
2024,12,25,9,30,-3.1,0
2024,12,25,10,30,-3.4000000000000004,0
2024,12,25,11,30,-3.6,0
2024,12,25,12,30,-2.9000000000000004,13
2024,12,25,13,30,-1,29
2024,12,25,14,30,0.9,96
2024,12,25,15,30,2.2,133
2024,12,25,16,30,2.8000000000000003,201
2024,12,25,17,30,3,233
2024,12,25,18,30,2.9000000000000004,138
2024,12,25,19,30,2.1,289
2024,12,25,20,30,0.2,119
2024,12,25,21,30,-1.5,9
2024,12,25,22,30,-2,0
2024,12,25,23,30,-1.7000000000000002,0
2024,12,26,0,30,-1.4000000000000001,0
2024,12,26,1,30,-1.5,0
2024,12,26,2,30,-1.9000000000000001,0
2024,12,26,3,30,-2.2,0
2024,12,26,4,30,-2.5,0
2024,12,26,5,30,-2.7,0
2024,12,26,6,30,-2.9000000000000004,0
2024,12,26,7,30,-3.6,0
2024,12,26,8,30,-4.6000000000000005,0
2024,12,26,9,30,-5.4,0
2024,12,26,10,30,-5.9,0
2024,12,26,11,30,-6.1000000000000005,0
2024,12,26,12,30,-5.2,17
2024,12,26,13,30,-3.1,155
2024,12,26,14,30,-1,303
2024,12,26,15,30,0.8,414
2024,12,26,16,30,2,472
2024,12,26,17,30,2.7,471
2024,12,26,18,30,3,410
2024,12,26,19,30,2.6,297
2024,12,26,20,30,1.7000000000000002,148
2024,12,26,21,30,0.8,12
2024,12,26,22,30,0.2,0
2024,12,26,23,30,-0.5,0
2024,12,27,0,30,-1.4000000000000001,0
2024,12,27,1,30,-2.2,0
2024,12,27,2,30,-3,0
2024,12,27,3,30,-3.7,0
2024,12,27,4,30,-4.1000000000000005,0
2024,12,27,5,30,-4.6000000000000005,0
2024,12,27,6,30,-5.2,0
2024,12,27,7,30,-5.6000000000000005,0
2024,12,27,8,30,-5.7,0
2024,12,27,9,30,-5.6000000000000005,0
2024,12,27,10,30,-5.5,0
2024,12,27,11,30,-5.1000000000000005,0
2024,12,27,12,30,-3.6,8
2024,12,27,13,30,-1.5,76
2024,12,27,14,30,0.4,202
2024,12,27,15,30,2.5,333
2024,12,27,16,30,4.2,329
2024,12,27,17,30,5.1000000000000005,321
2024,12,27,18,30,5.300000000000001,293
2024,12,27,19,30,4.3,219
2024,12,27,20,30,2.7,136
2024,12,27,21,30,1.7000000000000002,11
2024,12,27,22,30,1.6,0
2024,12,27,23,30,1.7000000000000002,0
2024,12,28,0,30,1.9000000000000001,0
2024,12,28,1,30,2.2,0
2024,12,28,2,30,2.5,0
2024,12,28,3,30,2.6,0
2024,12,28,4,30,2.3000000000000003,0
2024,12,28,5,30,2.1,0
2024,12,28,6,30,2.2,0
2024,12,28,7,30,2.3000000000000003,0
2024,12,28,8,30,2.3000000000000003,0
2024,12,28,9,30,2.4000000000000004,0
2024,12,28,10,30,2.6,0
2024,12,28,11,30,2.7,0
2024,12,28,12,30,3.2,9
2024,12,28,13,30,4.2,16
2024,12,28,14,30,5.300000000000001,9
2024,12,28,15,30,5.800000000000001,70
2024,12,28,16,30,6,58
2024,12,28,17,30,6,111
2024,12,28,18,30,5.6000000000000005,146
2024,12,28,19,30,5.1000000000000005,93
2024,12,28,20,30,4.800000000000001,68
2024,12,28,21,30,4.5,7
2024,12,28,22,30,4.1000000000000005,0
2024,12,28,23,30,3.9000000000000004,0
2024,12,29,0,30,4,0
2024,12,29,1,30,4.2,0
2024,12,29,2,30,4.4,0
2024,12,29,3,30,4.3,0
2024,12,29,4,30,3.9000000000000004,0
2024,12,29,5,30,3.7,0
2024,12,29,6,30,4,0
2024,12,29,7,30,4.6000000000000005,0
2024,12,29,8,30,5.1000000000000005,0
2024,12,29,9,30,5.300000000000001,0
2024,12,29,10,30,5.1000000000000005,0
2024,12,29,11,30,5,0
2024,12,29,12,30,5.300000000000001,9
2024,12,29,13,30,6.6000000000000005,61
2024,12,29,14,30,8.5,71
2024,12,29,15,30,10.200000000000001,128
2024,12,29,16,30,11.4,348
2024,12,29,17,30,12,284
2024,12,29,18,30,12.4,266
2024,12,29,19,30,12.200000000000001,166
2024,12,29,20,30,11.100000000000001,64
2024,12,29,21,30,10.100000000000001,8
2024,12,29,22,30,9.8,0
2024,12,29,23,30,10.200000000000001,0
2024,12,30,0,30,10.8,0
2024,12,30,1,30,11.200000000000001,0
2024,12,30,2,30,11.4,0
2024,12,30,3,30,11.700000000000001,0
2024,12,30,4,30,12,0
2024,12,30,5,30,12.200000000000001,0
2024,12,30,6,30,12.200000000000001,0
2024,12,30,7,30,12.100000000000001,0
2024,12,30,8,30,11.700000000000001,0
2024,12,30,9,30,10.700000000000001,0
2024,12,30,10,30,10.100000000000001,0
2024,12,30,11,30,10,0
2024,12,30,12,30,9.8,13
2024,12,30,13,30,10.3,41
2024,12,30,14,30,11.200000000000001,151
2024,12,30,15,30,12,357
2024,12,30,16,30,12.3,449
2024,12,30,17,30,12.200000000000001,450
2024,12,30,18,30,11.8,308
2024,12,30,19,30,11,126
2024,12,30,20,30,9.4,28
2024,12,30,21,30,7.800000000000001,5
2024,12,30,22,30,7.300000000000001,0
2024,12,30,23,30,7.1000000000000005,0
2024,12,31,0,30,6.7,0
2024,12,31,1,30,6.1000000000000005,0
2024,12,31,2,30,5.4,0
2024,12,31,3,30,4.800000000000001,0
2024,12,31,4,30,4.4,0
2024,12,31,5,30,3.6,0
2024,12,31,6,30,2.5,0
2024,12,31,7,30,1.7000000000000002,0
2024,12,31,8,30,1.1,0
2024,12,31,9,30,0.7000000000000001,0
2024,12,31,10,30,0.7000000000000001,0
2024,12,31,11,30,1.3,0
2024,12,31,12,30,3.1,15
2024,12,31,13,30,5.4,144
2024,12,31,14,30,7.5,284
2024,12,31,15,30,9.3,270
2024,12,31,16,30,10.3,446
2024,12,31,17,30,10.700000000000001,391
2024,12,31,18,30,10.600000000000001,282
2024,12,31,19,30,10,192
2024,12,31,20,30,8.5,54
2024,12,31,21,30,7,6
2024,12,31,22,30,6.6000000000000005,0
2024,12,31,23,30,6.6000000000000005,0
